-- Reference catalog (generated; do not edit by hand)

INSERT INTO game_types (name) VALUES
  ('Better Off Ed'),
  ('Fantastic Jackpots Rewards'),
  ('Game Chest Illinois'),
  ('Illinois / Grand'),
  ('Novomatic Cabinet'),
  ('Player''s Edge Illinois'),
  ('Player''s World  (featuring Odd Job Bob)'),
  ('Player''s World Buffalo'),
  ('Sky Rider  (Player''s World)'),
  ('Treasure of Tut  (Magic Games HD)'),
  ('Velocity'),
  ('Very Cherry  (WMS/Scientific Games)'),
  ('VIP Lounge Lock & Spin'),
  ('Wheel of Fortune  (Winning Touch)'),
  ('Wild Witch');

INSERT INTO locations (location_id, location_name, addr, city, st, zip) VALUES
  ('LOC-001', '5 BOYZ INC, HILLSBORO', '705 CITY LAKE RD', 'HILLSBORO', 'IL', '62049'),
  ('LOC-002', '501 BLUES CLUB, HIGHLAND', '1106 NEW TRENTON RD', 'HIGHLAND', 'IL', '62249'),
  ('LOC-003', 'ACCENTURE PARTNERS LLC, TROY', '503 OHARA DR, SUITE 3', 'TROY', 'IL', '62294'),
  ('LOC-004', 'AHAC LLC, PINCKNEYVILLE', '502 S MAIN ST', 'PINCKNEYVILLE', 'IL', '62274'),
  ('LOC-005', 'ALL SAINTS INC, NEPONSET', '104 W BUREAU ST', 'NEPONSET', 'IL', '61345'),
  ('LOC-006', 'ALY ANNE''S, DWIGHT', '122 E MAIN ST', 'DWIGHT', 'IL', '60420'),
  ('LOC-007', 'ANTIOCH LANES, ANTIOCH', '750 W IL ROUTE 173', 'ANTIOCH', 'IL', '60002'),
  ('LOC-008', 'ASTORIA TAVERN INC, ASTORIA', '220 W SOUTH ST', 'ASTORIA', 'IL', '61501'),
  ('LOC-009', 'ATS A NICE PIZZA, ROMEOVILLE', '334 N INDEPENDENCE BLVD # A', 'ROMEOVILLE', 'IL', '60446'),
  ('LOC-010', 'AUGUSTA QUICK STOP, AUGUSTA', '108 MAIN ST', 'AUGUSTA', 'IL', '62311'),
  ('LOC-011', 'AVA''S CAFE LLC, NORTH RIVERSIDE', '7700 W. 26TH ST.', 'NORTH RIVERSIDE', 'IL', '60546'),
  ('LOC-012', 'BARRELBOUNTY SIP &amp; SHOP, SPRING GROVE', '2450 N US 12', 'SPRING GROVE', 'IL', '60081'),
  ('LOC-013', 'BERRYFIELD CAFE, MIDLOTHIAN', '4028 W 147TH ST', 'MIDLOTHIAN', 'IL', '60445'),
  ('LOC-014', 'BIG APPLE MT, PLAINFIELD', '15521 ILLINOIS RTE 59', 'PLAINFIELD', 'IL', '60544'),
  ('LOC-015', 'BIG APPLE, JOLIET', '106 N LARKIN AVE', 'JOLIET', 'IL', '60435'),
  ('LOC-016', 'BIG ROCK MART, BIG ROCK', '48W230 US-30', 'BIG ROCK', 'IL', '60511'),
  ('LOC-017', 'BKCR FOOD &amp; LIQUOR INC, DANVILLE', '536 E MAIN ST', 'DANVILLE', 'IL', '61832'),
  ('LOC-018', 'BLACK DIAMOND ALL MART, MASCOUTAH', '302 E MAIN ST', 'MASCOUTAH', 'IL', '62258'),
  ('LOC-019', 'BLACK DIAMOND MART, SMITHTON', '225 N MAIN', 'SMITHTON', 'IL', '62285'),
  ('LOC-020', 'BLACK LUNG BREWING, ROUND LAKE BEACH', '2217 N ROUTE 83', 'ROUND LAKE BEACH', 'IL', '60073'),
  ('LOC-021', 'BLACK LUNG FOX LAKE, FOX LAKE', '115 NIPPERSINK RD', 'FOX LAKE', 'IL', '60020'),
  ('LOC-022', 'BOOG, INC, SANDOVAL', '106 W MISSOURI AVE', 'SANDOVAL', 'IL', '62882'),
  ('LOC-023', 'BP, HOMETOWN', '4721 W 87TH ST', 'HOMETOWN', 'IL', '60456'),
  ('LOC-024', 'BP, RICHMOND', '10007 N MAIN ST', 'RICHMOND', 'IL', '60071'),
  ('LOC-025', 'BRAIDKOT LTD, BRAIDWOOD', '180 N FRONT ST', 'BRAIDWOOD', 'IL', '60408'),
  ('LOC-026', 'BUSHNELL FOOD MART, BUSHNELL', '859 COLE ST', 'BUSHNELL', 'IL', '61422'),
  ('LOC-027', 'BUSHNELL LIQUOR, BUSHNELL', '105 CHARLES ST.', 'BUSHNELL', 'IL', '61422'),
  ('LOC-028', 'BUXTON''S LLC, BECKEMEYER', '191 W RAILROAD ST', 'BECKEMEYER', 'IL', '62219'),
  ('LOC-029', 'CARLIE LLC, ZEIGLER', '4 CIRCLE ST', 'ZEIGLER', 'IL', '62999'),
  ('LOC-030', 'CASA CHAPALA, WHEELING', '34 N ELMHURST RD', 'WHEELING', 'IL', '60090'),
  ('LOC-031', 'CATIE''S PLACE, NORTH RIVERSIDE', '1750 HARLEM AVE', 'NORTH RIVERSIDE', 'IL', '60402'),
  ('LOC-032', 'CATIE''S PLACE, RIVER GROVE', '8313 GRAND AVE', 'RIVER GROVE', 'IL', '60171'),
  ('LOC-033', 'CATIE''S PLACE, WILLOWBROOK', '10S652 Kingery Hwy', 'WILLOWBROOK', 'IL', '60527'),
  ('LOC-034', 'CENTENNIAL LANES, TINLEY PARK', '16050 CENTENNIAL CIRCLE', 'TINLEY PARK', 'IL', '60477'),
  ('LOC-035', 'CHEERS CORNER, FULTON', '1510 10TH AVE', 'FULTON', 'IL', '61252'),
  ('LOC-036', 'CHEMO''S PLACE, CICERO', '1401 S 48TH CT', 'CICERO', 'IL', '60804'),
  ('LOC-037', 'CHER''S RENDEZVOUS, LLC, BERWYN', '6721 ROOSEVELT RD', 'BERWYN', 'IL', '60402'),
  ('LOC-038', 'CHINA DRAGON, ALGONQUIN', '1306 E ALGONQUIN', 'ALGONQUIN', 'IL', '60102'),
  ('LOC-039', 'CHOPS FAMILY INN, ASHLEY', '131 E MAIN ST', 'ASHLEY', 'IL', '62808'),
  ('LOC-040', 'CITGO, ALSIP', '5025 W 111TH ST', 'ALSIP', 'IL', '60803'),
  ('LOC-041', 'CITGO, ELMWOOD PARK', '2000 N HARLEM AVE', 'ELMWOOD PARK', 'IL', '60707'),
  ('LOC-042', 'CITGO, JUSTICE', '8359 S ROBERTS RD', 'JUSTICE', 'IL', '60458'),
  ('LOC-043', 'CITGO, SUMMIT', '7455 W ARCHER AVE', 'SUMMIT', 'IL', '60501'),
  ('LOC-044', 'CONVENIENT FOODS, RIVER GROVE', '8901 GRAND AVE', 'RIVER GROVE', 'IL', '60171'),
  ('LOC-045', 'CONVENIENT QUICK STOP, GOLDEN', '200 EMMNINGA RD', 'GOLDEN', 'IL', '62339'),
  ('LOC-046', 'CRAB DU JOUR, MELROSE PARK', '851 W NORTH AVENUE', 'MELROSE PARK', 'IL', '60160'),
  ('LOC-047', 'D''S WESTSIDE LOUNGE, CARLYLE', '2431 FRANKLIN ST.', 'CARLYLE', 'IL', '62231'),
  ('LOC-048', 'DALE MARSHALL INC, NEW WINDSOR', '110 S 5TH AVE', 'NEW WINDSOR', 'IL', '61465'),
  ('LOC-049', 'DES PLAINES ELKS LODGE, DES PLAINES', '495 LEE ST', 'DES PLAINES', 'IL', '60016'),
  ('LOC-050', 'DIAMONDS, CENTRALIA', '1019 W BROADWAY', 'CENTRALIA', 'IL', '62801'),
  ('LOC-051', 'DIAMONDS, CHAMPAIGN', '1101 N MATTIS AVE', 'CHAMPAIGN', 'IL', '61821'),
  ('LOC-052', 'DIAMONDS, CRESTWOOD', '13809 S CICERO AVE', 'CRESTWOOD', 'IL', '60445'),
  ('LOC-053', 'DIAMONDS, DECATUR', '1499 E. ELDORADO ST.', 'DECATUR', 'IL', '62521'),
  ('LOC-054', 'DIAMONDS, NORMAL (COLLEGE)', '1540 E COLLEGE AVE', 'NORMAL', 'IL', '61761'),
  ('LOC-055', 'DIAMONDS, NORMAL (RAAB)', '616 W RAAB RD', 'NORMAL', 'IL', '61761'),
  ('LOC-056', 'DIETERICH MART INC, DIETERICH', '104 W. CENTER ST.', 'DIETERICH', 'IL', '62424'),
  ('LOC-057', 'DRAGON PALACE, TINLEY PARK', '7122 W. 171ST ST', 'TINLEY PARK', 'IL', '60477'),
  ('LOC-058', 'EDDIES RISE N DINE, BREESE', '13961 PROGRESS DR', 'BREESE', 'IL', '62230'),
  ('LOC-059', 'ESSEX INN, ESSEX', '213-217 W MAIN', 'ESSEX', 'IL', '60935'),
  ('LOC-060', 'FAMILY HOSPITALITY GROUP LLC, DECATUR', '4191 W US HIGHWAY 36', 'DECATUR', 'IL', '62522'),
  ('LOC-061', 'FINDLAY FOOD MART, FINDLAY', '101 W DIVISION ST', 'FINDLAY', 'IL', '62534'),
  ('LOC-062', 'FIRE HOUSE PIZZA, EAST PEORIA', '240 S MAIN ST', 'EAST PEORIA', 'IL', '61611'),
  ('LOC-063', 'FIRESIDE GRILLE, SUGAR GROVE', '49 SUGAR LANE', 'SUGAR GROVE', 'IL', '60554'),
  ('LOC-064', 'FLANAGAN''S PUB, GRANT PARK', '101 S MAIN STREET', 'GRANT PARK', 'IL', '60940'),
  ('LOC-065', 'FOREMOST FOOD &amp; LIQUOR, MELROSE PARK', '1511 W NORTH AVE', 'MELROSE PARK', 'IL', '60160'),
  ('LOC-066', 'FORTUNES LLC, TRENTON', '102 W. BROADWAY', 'TRENTON', 'IL', '62293'),
  ('LOC-067', 'FRANKS CORNER KITCHEN, BECKMEYER', '110 RT. 50', 'BECKEMEYER', 'IL', '62219'),
  ('LOC-068', 'FUZZ JAY &amp; ZACH''S ACES &amp; EIGHTS INC., NASHVILLE', '9622 COMMERCE AVE', 'NASHVILLE', 'IL', '62263'),
  ('LOC-069', 'G AND G VALLEY RIDGE LLC, ANTIOCH', '40150 N ILLINOIS ROUTE 59', 'ANTIOCH', 'IL', '60002'),
  ('LOC-070', 'GLENNON BEHRMAN, ALBERS', '202 N COMMERCIAL ST', 'ALBERS', 'IL', '62215'),
  ('LOC-071', 'GRAND TOBACCO, GALESBURG', '1611 GRAND AVE', 'GALESBURG', 'IL', '61401'),
  ('LOC-072', 'H &amp; L LIQUOR, CARPENTERSVILLE', '144 N KENNEDY DR', 'CARPENTERSVILLE', 'IL', '60110'),
  ('LOC-073', 'HAPPY GANG LLC, FOX LAKE', '13 NIPPERSINK RD', 'FOX LAKE', 'IL', '60020'),
  ('LOC-074', 'HAPPY HOUR SPORTS BAR, WATERLOO', '117 N MAIN ST', 'WATERLOO', 'IL', '62298'),
  ('LOC-075', 'HARBOR BREWING, LAKE VILLA', '136 CEDAR AVE', 'LAKE VILLA', 'IL', '60046'),
  ('LOC-076', 'HD''S LOUNGE, DECATUR', '1745 E ELDORADO ST', 'DECATUR', 'IL', '62521'),
  ('LOC-077', 'HENRY''S TACOS, JUSTICE', '8420 S 88TH AVE', 'JUSTICE', 'IL', '60458'),
  ('LOC-078', 'HOBNOBBERS, SYCAMORE', '2030 BARON DR', 'SYCAMORE', 'IL', '60178'),
  ('LOC-079', 'HOME-SLICE, HOMEWOOD', '18322 GOVERNORS HIGHWAY', 'HOMEWOOD', 'IL', '60430'),
  ('LOC-080', 'HUDDLE BAR &amp; GRILL INC, CASEYVILLE', '1101 CASEYVILLE RD', 'CASEYVILLE', 'IL', '62232'),
  ('LOC-081', 'JACKSONVILLE BEST BUFFET, JACKSONVILLE', '901 W MORTON AVE', 'JACKSONVILLE', 'IL', '62650'),
  ('LOC-082', 'JALSA BAR AND RESTAURANT, CRYSTAL LAKE', '135 Regal Drive', 'CRYSTAL LAKE', 'IL', '60014'),
  ('LOC-083', 'JAR FOOD MART INC., MCHENRY', '502 W RINGWOOD RD', 'MCHENRY', 'IL', '60051'),
  ('LOC-084', 'JP FOOD &amp; LIQUOR, ABINGDON', '401 N MONROE ST', 'ABINGDON', 'IL', '62535'),
  ('LOC-085', 'K &amp; N MARKET &amp; WINE', '2301 CHICAGO ROAD', 'CHICAGO HEIGHTS', 'IL', '60411'),
  ('LOC-086', 'KEELEY''S PLACE, SPRINGFIELD', '1102 E SANGAMON', 'SPRINGFIELD', 'IL', '62702'),
  ('LOC-087', 'KEN''S FOOD &amp; LIQUOR, HARVEY', '384 E 159TH STREET', 'HARVEY', 'IL', '60426'),
  ('LOC-088', 'KENNEDY FRIED CHICKEN, DECATUR', '1217 E WOOD ST', 'DECATUR', 'IL', '62521'),
  ('LOC-089', 'KENTUCKY BURN, SPRINGFIELD', '1104 E SANGAMON AVE', 'SPRINGFIELD', 'IL', '62702'),
  ('LOC-090', 'KGD GEGS LLC, TRENTON', '29 WEST BROADWAY', 'TRENTON', 'IL', '62293'),
  ('LOC-091', 'KOREAN PRO BILLIARDS, NILES', '7946 NORTH WAUKEGAN RD', 'NILES', 'IL', '60714'),
  ('LOC-092', 'KORTE MEAT PROCESSING INC, HIGHLAND', '915 HEMLOCK ST', 'HIGHLAND', 'IL', '62249'),
  ('LOC-093', 'L &amp; M FOODS, CHICAGO HEIGHTS', '1515 WESTERN AVE', 'CHICAGO HEIGHTS', 'IL', '60411'),
  ('LOC-094', 'LA OFICINA BAR AND GAMING INC, COLLINSVILLE', '8412 COLLINSVILLE RD', 'COLLINSVILLE', 'IL', '62234'),
  ('LOC-095', 'LACEY''S PLACE LLC, CHAMPAIGN (503 W. TOWN)', '503 W TOWN CENTER BLVD', 'CHAMPAIGN', 'IL', '61822'),
  ('LOC-096', 'LACEY''S PLACE, WHEATON', '684 N Gary Ave', 'WHEATON', 'IL', '60187'),
  ('LOC-097', 'LACEY''S, ADDISON 1', '610 W LAKE ST', 'ADDISON', 'IL', '60101'),
  ('LOC-098', 'LACEY''S, ADDISON 2', '1590 W LAKE ST', 'ADDISON', 'IL', '60101'),
  ('LOC-099', 'LACEY''S, BEECHER', '1121 DIXIE HIGHWAY', 'BEECHER', 'IL', '60401'),
  ('LOC-100', 'LACEY''S, BELLEVILLE', '821 S BELT W', 'BELLEVILLE', 'IL', '62220'),
  ('LOC-101', 'LACEY''S, BERWYN OGDEN', '6803 OGDEN AVE', 'BERWYN', 'IL', '60402'),
  ('LOC-102', 'LACEY''S, BRADLEY', '1613 N STATE ROUTE 50', 'BRADLEY', 'IL', '60915'),
  ('LOC-103', 'LACEY''S, BRIDGEVIEW', '7348 W. 79th St.', 'BRIDGEVIEW', 'IL', '60455'),
  ('LOC-104', 'LACEY''S, CHAMPAIGN (CROSSING/VILLAGE GREEN)', '2508 VILLAGE GREEN PL', 'CHAMPAIGN', 'IL', '61822'),
  ('LOC-105', 'LACEY''S, CHAMPAIGN (NEIL)', '1903 N. NEIL ST', 'CHAMPAIGN', 'IL', '61820'),
  ('LOC-106', 'LACEY''S, CLINTON', '38 CLINTON PLAZA', 'CLINTON', 'IL', '61727'),
  ('LOC-107', 'LACEY''S, CRETE', '1029 E STEGER RD', 'CRETE', 'IL', '60417'),
  ('LOC-108', 'LACEY''S, DECATUR (ELDORADO)', '1497 E ELDORADO ST', 'DECATUR', 'IL', '62521'),
  ('LOC-109', 'LACEY''S, DECATUR (FRENCH QUARTERS)', '985 W PERSHING RD', 'DECATUR', 'IL', '62526'),
  ('LOC-110', 'LACEY''S, DECATUR (WATER)', '1929 N WATER ST', 'DECATUR', 'IL', '62526'),
  ('LOC-111', 'LACEY''S, DOLTON', '122 E SIBLEY BLVD', 'DOLTON', 'IL', '60419'),
  ('LOC-112', 'LACEY''S, HIGHLAND', '12547 IL ROUTE 143', 'HIGHLAND', 'IL', '62249'),
  ('LOC-113', 'LACEY''S, KANKAKEE', '503 RIVERSTONE PKWY', 'KANKAKEE', 'IL', '60901'),
  ('LOC-114', 'LACEY''S, LAKE ZURICH', '890 S RAND RD', 'LAKE ZURICH', 'IL', '60047'),
  ('LOC-115', 'LACEY''S, LOVES PARK', '4176 N PERRYVILLE RD', 'LOVES PARK', 'IL', '61111'),
  ('LOC-116', 'LACEY''S, LYNWOOD', '3279 GLENWOOD DYER RD', 'LYNWOOD', 'IL', '60411'),
  ('LOC-117', 'LACEY''S, MARKHAM', '16019 KEDZIE AVE', 'MARKHAM', 'IL', '60428'),
  ('LOC-118', 'LACEY''S, MATTESON', '4455 211TH ST', 'MATTESON', 'IL', '60443'),
  ('LOC-119', 'LACEY''S, MAYWOOD', '611 ROOSEVELT RD', 'MAYWOOD', 'IL', '60153'),
  ('LOC-120', 'LACEY''S, MCHENRY', '3515 DIAMOND DR', 'MCHENRY', 'IL', '60051'),
  ('LOC-121', 'LACEY''S, MELROSE PARK', '8325 W NORTH AVE', 'MELROSE PARK', 'IL', '60160'),
  ('LOC-122', 'LACEY''S, MIDLOTHIAN', '14643 S. CICERO AVENUE', 'MIDLOTHIAN', 'IL', '60445'),
  ('LOC-123', 'LACEY''S, MONEE', '5601 W MONEE MANHATTAN RD', 'MONEE', 'IL', '60449'),
  ('LOC-124', 'LACEY''S, NORTH RIVERSIDE', '8415 W CERMAK ROAD', 'NORTH RIVERSIDE', 'IL', '60546'),
  ('LOC-125', 'LACEY''S, OSWEGO', '6 E MERCHANTS DR', 'OSWEGO', 'IL', '60543'),
  ('LOC-126', 'LACEY''S, PLANO', '7000 BURROUGHS AVE', 'PLANO', 'IL', '60545'),
  ('LOC-127', 'LACEY''S, RIVER GROVE', '8909 GRAND AVE', 'RIVER GROVE', 'IL', '60171'),
  ('LOC-128', 'LACEY''S, ROBINSON', '1302 E MAIN ST', 'ROBINSON', 'IL', '62454'),
  ('LOC-129', 'LACEY''S, ROMEOVILLE', '478 N WEBER', 'ROMEOVILLE', 'IL', '60446'),
  ('LOC-130', 'LACEY''S, SOUTH ELGIN', '333 RANDALL RD', 'SOUTH ELGIN', 'IL', '60177'),
  ('LOC-131', 'LACEY''S, STONE PARK', '3120 W NORTH AVE', 'STONE PARK', 'IL', '60165'),
  ('LOC-132', 'LACEY''S, SUMMIT', '7355 W ARCHER AVE', 'SUMMIT', 'IL', '60501'),
  ('LOC-133', 'LACEY''S, URBANA', '110 E UNIVERSITY AVE STE C', 'URBANA', 'IL', '61801'),
  ('LOC-134', 'LAFAYETTE MART, MACOMB', '340 N LAFAYETTE ST', 'MACOMB', 'IL', '61455'),
  ('LOC-135', 'LANES AT MINIER LLC, MINIER', '218 W CENTRAL ST', 'MINIER', 'IL', '61759'),
  ('LOC-136', 'LAS FUENTES, MORTON GROVE', '9001 WAUKEGAN RD', 'MORTON GROVE', 'IL', '60053'),
  ('LOC-137', 'LAS MARGARITAS MEXICAN RESTAURANT, DECATUR', '1603 W KING ST', 'DECATUR', 'IL', '62522'),
  ('LOC-138', 'LEWISTOWN SMOKE SHOP LLC, LEWISTOWN', '193 S MAIN ST', 'LEWISTOWN', 'IL', '61542'),
  ('LOC-139', 'LOCAL CANTINA, OAK LAWN', '5130 W 95TH ST', 'OAK LAWN', 'IL', '60453'),
  ('LOC-140', 'LUCKY BERNIE''S, ANTIOCH', '420 IL-173', 'ANTIOCH', 'IL', '60002'),
  ('LOC-141', 'LUCKY BERNIE''S, HUNTLEY', '9810 N STATE RT 47', 'HUNTLEY', 'IL', '60142'),
  ('LOC-142', 'LUCKY BERNIE''S, SOUTH CHICAGO HEIGHTS', '3359 CHICAGO RD', 'SOUTH CHICAGO HEIGHTS', 'IL', '60411'),
  ('LOC-143', 'LUCKY BERNIE''S, SPRING GROVE', '2450 N US HIGHWAY 12', 'SPRING GROVE', 'IL', '60081'),
  ('LOC-144', 'LUCKY BERNIE''S, WOODSTOCK', '11605 CATALPA LN', 'WOODSTOCK', 'IL', '60098'),
  ('LOC-145', 'LUCKY CAFE, LOVES PARK', '401 E RIVERSIDE BLVD', 'LOVES PARK', 'IL', '61111'),
  ('LOC-146', 'LUCKY KNUTTS LLC, KEYESPORT', '419 RAILROAD STREET', 'KEYESPORT', 'IL', '62253'),
  ('LOC-147', 'LUCKY LUCY''S 7, FOX RIVER GROVE', '412 NORTHWEST HWY', 'FOX RIVER GROVE', 'IL', '60021'),
  ('LOC-148', 'LUCKY PANDA, AURORA', '2400 S EOLA RD', 'AURORA', 'IL', '60503'),
  ('LOC-149', 'LUCKY PENNY''S, CARY', '724 NORTHWEST HWY', 'CARY', 'IL', '60013'),
  ('LOC-150', 'LUCKY PENNY''S, JUSTICE', '8401 W 79TH ST', 'JUSTICE', 'IL', '60458'),
  ('LOC-151', 'LUCKY PENNY''S, LAKE VILLA', '37635 N Rt 59', 'LAKE VILLA', 'IL', '60046'),
  ('LOC-152', 'LUCKY PENNY''S, LINDENHURST 1', '2450 E GRASS LAKE RD', 'LINDNEHURST', 'IL', '60046'),
  ('LOC-153', 'LUCKY PENNY''S, ROMEOVILLE', '656 N INDEPENDENCE BLVD', 'ROMEOVILLE', 'IL', '60446'),
  ('LOC-154', 'LUCKY PENNY''S, THIRD LAKE', '34572 N US HIGHWAY 45', 'THIRD LAKE', 'IL', '60030'),
  ('LOC-155', 'LUCKY''S SWEETS &amp; SLOTS, GODFREY', '5407 GODFREY RD', 'GODFREY', 'IL', '62035'),
  ('LOC-156', 'MACON PETRO, MACON', '399 E ANDREWS', 'MACON', 'IL', '62544'),
  ('LOC-157', 'MAIN STREET TOWN INCORPORATED, ROUND LAKE PARK', '112 E MAIN ST', 'ROUND LAKE PARK', 'IL', '60073'),
  ('LOC-158', 'MARATHON, ALSIP', '5201 W 111TH ST', 'ALSIP', 'IL', '60803'),
  ('LOC-159', 'MARATHON, COWDEN', '234 N GRAND AVE', 'COWDEN', 'IL', '62422'),
  ('LOC-160', 'MARATHON, HOOPESTON', '714 W ORANGE ST', 'HOOPESTON', 'IL', '60942'),
  ('LOC-161', 'MARATHON, MARSHALL', '1803 N. ILLINOIS HIGHWAY 1', 'MARSHALL', 'IL', '62441'),
  ('LOC-162', 'MARATHON, OAK FOREST', '15301 S HARLEM AVE', 'OAK FOREST', 'IL', '60462'),
  ('LOC-163', 'MARIA''S MEXICAN GRILL, INC., SPRING GROVE', '2207 N US HIGHWAY 12', 'SPRING GROVE', 'IL', '60081'),
  ('LOC-164', 'MELISTY MART, ORENA', '102 S RTE 48', 'OREANA', 'IL', '62554'),
  ('LOC-165', 'MI TIERRA, SHOREWOOD', '643 BROOKFOREST AVE', 'SHOREWOOD', 'IL', '60404'),
  ('LOC-166', 'MICKIE''S PIZZERIA, EAST PEORIA', '1051 E WASHINGTON ST', 'EAST PEORIA', 'IL', '61611'),
  ('LOC-167', 'MIJOS AMF, LLC, FOX LAKE', '33 S US HIGHWAY 12', 'FOX LAKE', 'IL', '60020'),
  ('LOC-168', 'MIRA''S CAFE, ELK GROVE VILLAGE', '575 LANDMEIER RD.', 'ELK GROVE VILLAGE', 'IL', '60007'),
  ('LOC-169', 'MISS KIMMEES (GRAND), SPRINGFIELD', '1052 NORTH GRAND AVE W.', 'SPRINGFIELD', 'IL', '62702'),
  ('LOC-170', 'MISS KIMMEES BRADFORDTON, SPRINGFIELD', '1499 N BRADFORDTON RD', 'SPRINGFIELD', 'IL', '62711'),
  ('LOC-171', 'MISS KIMMEES, DECATUR', '2627 N 22ND ST', 'DECATUR', 'IL', '62526'),
  ('LOC-172', 'MISS KIMMEES, SPRINGFIELD (DIRKSEN)', '441 N DIRKSEN PARKWAY', 'SPRINGFIELD', 'IL', '62702'),
  ('LOC-173', 'MISS KIMMEES, SPRINGFIELD (DURKIN)', '701 S DURKIN DRIVE', 'SPRINGFIELD', 'IL', '62704'),
  ('LOC-174', 'MISS KIMMEES, SPRINGFIELD (ILES)', '1933 W ILES', 'SPRINGFIELD', 'IL', '62704'),
  ('LOC-175', 'MISS KIMMEES, SPRINGFIELD (SANGAMON)', '1417 E SANGAMON AVE', 'SPRINGFIELD', 'IL', '62702'),
  ('LOC-176', 'NOC NOC WOOD, CARPENTERSVILLE', '115 N KENNEDY DR', 'CARPENTERSVILLE', 'IL', '60110'),
  ('LOC-177', 'OLIVIA''S PLACE, BERWYN', '2823 S HARLEM', 'BERWYN', 'IL', '60402'),
  ('LOC-178', 'ONESTOP LIQUOR &amp; GROCERY, MELROSE PARK', '3505 W. LAKE ST', 'MELROSE PARK', 'IL', '60160'),
  ('LOC-179', 'ORCHARD GAMING CAFE, OSWEGO', '3404 ORCHARD RD', 'OSWEGO', 'IL', '60543'),
  ('LOC-180', 'PALOS LANES, PALOS HILLS', '11025 SOUTHWEST HWY', 'PALOS HILLS', 'IL', '60465'),
  ('LOC-181', 'PANA COUNTRY CLUB, PANA', '411 E 9TH ST', 'PANA', 'IL', '62557'),
  ('LOC-182', 'PARK FOODS INC, UNIVERSITY PARK', '541 UNIVERSITY PKWY', 'UNIVERSITY PARK', 'IL', '60484'),
  ('LOC-183', 'PAYSON CONVENIENCE QUICK STOP, PAYSON', '110 W. STATE ST.', 'PAYSON', 'IL', '62360'),
  ('LOC-184', 'PEGGY''S DELI INC, HAZEL CREST', '3360 W. 183RD ST.', 'HAZEL CREST', 'IL', '60429'),
  ('LOC-185', 'PEPE''S, CRESTWOOD', '13625 CICERO AVE', 'CRESTWOOD', 'IL', '60445'),
  ('LOC-186', 'PHILLIPS 66, WATSEKA', '750 W WALNUT ST', 'WATSEKA', 'IL', '60970'),
  ('LOC-187', 'PINBALL PALACE LLC, CARLYLE', '1140 12TH ST', 'CARLYLE', 'IL', '62231'),
  ('LOC-188', 'PIZZA CUCINA, OSWEGO', '12 E MERCHANTS DRIVE', 'OSWEGO', 'IL', '60543'),
  ('LOC-189', 'POPS, LYONS', '8001 OGDEN AVE', 'LYONS', 'IL', '60534'),
  ('LOC-190', 'PORTER CULLEN''S, EVERGREEN PARK', '3541 W 99TH ST', 'EVERGREEN PARK', 'IL', '60805'),
  ('LOC-191', 'QUICK SHOP, CARPENTERSVILLE', '3002 WAKEFIELD DR', 'CARPENTERSVILLE', 'IL', '60110'),
  ('LOC-192', 'RAMSEY CAFE, RAMSEY', '423 S SUPERIOR ST', 'RAMSEY', 'IL', '62080'),
  ('LOC-193', 'RIVER BLUFF GAMING, EAST DUBUQUE', '231 SINSINAWA AVE', 'EAST DUBUQUE', 'IL', '61025'),
  ('LOC-194', 'ROADWAYS PLAZA, SPRINGFIELD -221003806', '2855 OVERPASS ROAD', 'RIVERTON', 'IL', '62561'),
  ('LOC-195', 'ROCKYS GAMING BAR LLC, NORTHLAKE', '325 E NORTH AVE', 'NORTHLAKE', 'IL', '60164'),
  ('LOC-196', 'ROGERS MINI MART, ST. LIBORY', '7151 STATE ROUTE 15', 'ST LIBORY', 'IL', '62282'),
  ('LOC-197', 'ROKET STOP, INC., TAYLOR RIDGE', '13925 134TH AVE W', 'TAYLOR RIDGE', 'IL', '61284'),
  ('LOC-198', 'RON &amp; PAT''S PIZZA SHACK, ANTIOCH', '40338 N. DEEP LAKE ROAD', 'ANTIOCH', 'IL', '60002'),
  ('LOC-199', 'ROSEBUD CAFE, PANA', '326 US HIGHWAY 51', 'PANA', 'IL', '62557'),
  ('LOC-200', 'ROUTE 66 KICK STAND, GRANITE CITY', '3121 WEST CHAIN OF ROCKS RD', 'GRANITE CITY', 'IL', '62040'),
  ('LOC-201', 'S &amp; T PETROLEUM INC., HANOVER', '104 JEFFERSON ST', 'HANOVER', 'IL', '61041'),
  ('LOC-202', 'SAI AAYUSH KRIT, INC, MATTOON', '4200 LAKE LAND BLVD', 'MATTOON', 'IL', '61938'),
  ('LOC-203', 'SAVANNA FOOD MART INC, SAVANNA', '44 MAIN ST', 'SAVANNA', 'IL', '61074'),
  ('LOC-204', 'SCOTCHMONS EAST, WATSEKA', '1000 E WALNUT ST', 'WATSEKA', 'IL', '60970'),
  ('LOC-205', 'SHELL, ALSIP', '11725 S PULASKI RD', 'ALSIP', 'IL', '60803'),
  ('LOC-206', 'SHELL, MARKHAM', '16658 CRAWFORD AVE.', 'MARKHAM', 'IL', '60428'),
  ('LOC-207', 'SHELL, MERRIONETTE PARK-220702038', '11501 S. KEDZIE', 'MERRIONETTE PARK', 'IL', '60803'),
  ('LOC-208', 'SHELL, WATSEKA', '1150 E WALNUT ST', 'WATSEKA', 'IL', '60970'),
  ('LOC-209', 'SILVIS MART, SILVIS', '426 1ST AVE', 'SILVIS', 'IL', '61282'),
  ('LOC-210', 'SIN CITY SLOTS AND CAFE, BECKEMEYER', '290 Old U.S. Hwy 50 #290', 'BECKEMEYER', 'IL', '62231'),
  ('LOC-211', 'SIP &amp; CHEW EXPRESS, BELLEVILLE', '124 W MAIN ST', 'BELLEVILLE', 'IL', '62220'),
  ('LOC-212', 'SKY FOOD MART, WATSEKA', '540 E WALNUT ST', 'WATSEKA', 'IL', '60970'),
  ('LOC-213', 'SONNY''S LLC, DIXON', '84 S GALENA AVE', 'DIXON', 'IL', '61021'),
  ('LOC-214', 'SORENTO FOOD MART LLC, SORENTO', '202 S MAIN ST', 'SORENTO', 'IL', '62086'),
  ('LOC-215', 'STATION 34, MT PROSPECT', '34 S MAIN ST', 'MOUNT PROSPECT', 'IL', '60056'),
  ('LOC-216', 'STEPH''S PLACE, LINDENHURST', '1854 E GRAND AVE', 'LINDENHURST', 'IL', '60046'),
  ('LOC-217', 'STRIKETOWN BOWL, NORTH PEKIN', '1690 EDGEWATER DR', 'NORTH PEKIN', 'IL', '61554'),
  ('LOC-218', 'STROUD LIQUORS, DANVILLE', '418 S. GILBERT ST', 'DANVILLE', 'IL', '61832'),
  ('LOC-219', 'SUN CATCHERS TAN, INC., WOOD RIVER', '1103 E ACTON AVE', 'WOOD RIVER', 'IL', '62095'),
  ('LOC-220', 'SUNRISE FOOD &amp; LIQUOR, HARVARD', '100 ADMIRAL DR.', 'HARVARD', 'IL', '60033'),
  ('LOC-221', 'SUNRISE SH INC, SLEEPY HOLLOW', '1039 W MAIN ST', 'SLEEPY HOLLOW', 'IL', '60118'),
  ('LOC-222', 'SWAMP TALES, CARLYLE', '7901 STATE ROUTE 127', 'CARLYLE', 'IL', '62231'),
  ('LOC-223', 'SZECHWAN PALACE, ANTIOCH', '1144 MAIN STREET', 'ANTIOCH', 'IL', '60002'),
  ('LOC-224', 'T &amp; M RAILSHAKE INC., HIGHLAND', '504 WALNUT ST', 'HIGHLAND', 'IL', '62249'),
  ('LOC-225', 'TACOS &amp; TORTAS DON CHENCHO, GRANITE CITY- 230702230', '3439 NAMEOKI RD', 'GRANITE CITY', 'IL', '62040'),
  ('LOC-226', 'TAI PAN CHINESE, SPRINGFIELD', '2636 ADLAI STEVENSON DR', 'SPRINGFIELD', 'IL', '62703'),
  ('LOC-227', 'TAQUERIA EL EDEN, BLUE ISLAND', '2000 VERMONT SUITE B', 'BLUE ISLAND', 'IL', '60406'),
  ('LOC-228', 'TEDDS BEVERAGE SHOP, HOOPESTON', '101 W MAIN ST', 'HOOPESTON', 'IL', '60942'),
  ('LOC-229', 'TEEPEE LIQUORS, NORTH CHICAGO', '1801 MARTIN LUTHER KING DR', 'NORTH CHICAGO', 'IL', '60064'),
  ('LOC-230', 'THE BLUE ROOM, NEW MINDEN', '214 N MAIN ST', 'NEW MINDEN', 'IL', '62263'),
  ('LOC-231', 'THE BLUE STORE 2, DANVILLE', '801 N VERMILION ST', 'DANVILLE', 'IL', '61832'),
  ('LOC-232', 'THE BLUE STORE, DANVILLE', '614 E. VOORHEES ST', 'DANVILLE', 'IL', '61832'),
  ('LOC-233', 'THE GARDEN FAMILY RESTAURANT, DECATUR', '696 E PERSHING RD', 'DECATUR', 'IL', '62526'),
  ('LOC-234', 'THE LINKS ON GRAND LLC, LINDENHURST', '2116 E GRAND AVE', 'LINDENHURST', 'IL', '60046'),
  ('LOC-235', 'THE POUR HOUSE, MARISSA', '754 STATE ROUTE 13', 'MARISSA', 'IL', '62257'),
  ('LOC-236', 'THE TAPROOM, WAUKEGAN', '36 N. GENESEE', 'WAUKEGAN', 'IL', '60085'),
  ('LOC-237', 'THE WHITE HOUSE BREESE LLC, BREESE', '507 N 2ND ST', 'BREESE', 'IL', '62230'),
  ('LOC-238', 'TKO SERVICES LLC, WAUKEGAN', '29 N GENESEE ST', 'WAUKEGAN', 'IL', '60085'),
  ('LOC-239', 'TNS CORPORATION, LAKEMOOR', '31667 N. U.S. ROUTE 12', 'LAKEMOOR', 'IL', '60051'),
  ('LOC-240', 'URVASHI FOOD INC, NIANTIC', '195 E LEWIS ST', 'NIANTIC', 'IL', '62551'),
  ('LOC-241', 'VEGAS PLACE, DECATUR', '1155 N STATE ROUTE 48', 'DECATUR', 'IL', '62522'),
  ('LOC-242', 'VEGAS PLACE, RANTOUL', '1287 E GROVE AVE', 'RANTOUL', 'IL', '61866'),
  ('LOC-243', 'WOODHULL TRUCK PLAZA, LLC, WOODHULL', '536 OXFORD AVENUE', 'WOODHULL', 'IL', '61490'),
  ('LOC-244', 'YE''S CHINESE, CAROL STREAM', '934 W ARMY TRIAL RD', 'CAROL STREAM', 'IL', '60188'),
  ('LOC-245', 'ZEIGLER PETRO, ZEIGLER', '407 S MAIN ST', 'ZEIGLER', 'IL', '62999');

INSERT INTO machines (machine_id, location_id, game_type_id) VALUES
  ('VGT-1001', 'LOC-001', 10),
  ('VGT-1002', 'LOC-001', 6),
  ('VGT-1003', 'LOC-001', 14),
  ('VGT-1004', 'LOC-001', 4),
  ('VGT-1005', 'LOC-001', 2),
  ('VGT-1006', 'LOC-001', 7),
  ('VGT-1007', 'LOC-001', 15),
  ('VGT-2001', 'LOC-002', 5),
  ('VGT-2002', 'LOC-002', 11),
  ('VGT-2003', 'LOC-002', 3),
  ('VGT-2004', 'LOC-002', 8),
  ('VGT-2005', 'LOC-002', 4),
  ('VGT-2006', 'LOC-002', 13),
  ('VGT-2007', 'LOC-002', 7),
  ('VGT-2008', 'LOC-002', 15),
  ('VGT-3001', 'LOC-003', 12),
  ('VGT-3002', 'LOC-003', 15),
  ('VGT-3003', 'LOC-003', 13),
  ('VGT-3004', 'LOC-003', 6),
  ('VGT-3005', 'LOC-003', 7),
  ('VGT-3006', 'LOC-003', 1),
  ('VGT-3007', 'LOC-003', 9),
  ('VGT-3008', 'LOC-003', 4),
  ('VGT-3009', 'LOC-003', 2),
  ('VGT-4001', 'LOC-004', 10),
  ('VGT-4002', 'LOC-004', 9),
  ('VGT-4003', 'LOC-004', 13),
  ('VGT-4004', 'LOC-004', 1),
  ('VGT-4005', 'LOC-004', 6),
  ('VGT-4006', 'LOC-004', 8),
  ('VGT-4007', 'LOC-004', 12),
  ('VGT-4008', 'LOC-004', 3),
  ('VGT-5001', 'LOC-005', 2),
  ('VGT-5002', 'LOC-005', 9),
  ('VGT-5003', 'LOC-005', 5),
  ('VGT-5004', 'LOC-005', 7),
  ('VGT-6001', 'LOC-006', 3),
  ('VGT-6002', 'LOC-006', 6),
  ('VGT-6003', 'LOC-006', 13),
  ('VGT-6004', 'LOC-006', 10),
  ('VGT-6005', 'LOC-006', 7),
  ('VGT-6006', 'LOC-006', 11),
  ('VGT-6007', 'LOC-006', 15),
  ('VGT-7001', 'LOC-007', 10),
  ('VGT-7002', 'LOC-007', 5),
  ('VGT-7003', 'LOC-007', 12),
  ('VGT-7004', 'LOC-007', 13),
  ('VGT-7005', 'LOC-007', 2),
  ('VGT-7006', 'LOC-007', 6),
  ('VGT-7007', 'LOC-007', 14),
  ('VGT-7008', 'LOC-007', 15),
  ('VGT-7009', 'LOC-007', 4),
  ('VGT-7010', 'LOC-007', 1),
  ('VGT-8001', 'LOC-008', 13),
  ('VGT-8002', 'LOC-008', 7),
  ('VGT-8003', 'LOC-008', 9),
  ('VGT-8004', 'LOC-008', 15),
  ('VGT-8005', 'LOC-008', 10),
  ('VGT-8006', 'LOC-008', 3),
  ('VGT-8007', 'LOC-008', 14),
  ('VGT-9001', 'LOC-009', 11),
  ('VGT-9002', 'LOC-009', 13),
  ('VGT-9003', 'LOC-009', 7),
  ('VGT-9004', 'LOC-009', 8),
  ('VGT-9005', 'LOC-009', 1),
  ('VGT-9006', 'LOC-009', 14),
  ('VGT-9007', 'LOC-009', 12),
  ('VGT-10001', 'LOC-010', 12),
  ('VGT-10002', 'LOC-010', 2),
  ('VGT-10003', 'LOC-010', 13),
  ('VGT-10004', 'LOC-010', 11),
  ('VGT-10005', 'LOC-010', 14),
  ('VGT-10006', 'LOC-010', 8),
  ('VGT-11001', 'LOC-011', 1),
  ('VGT-11002', 'LOC-011', 6),
  ('VGT-11003', 'LOC-011', 10),
  ('VGT-11004', 'LOC-011', 12),
  ('VGT-12001', 'LOC-012', 8),
  ('VGT-12002', 'LOC-012', 15),
  ('VGT-12003', 'LOC-012', 2),
  ('VGT-12004', 'LOC-012', 7),
  ('VGT-12005', 'LOC-012', 1),
  ('VGT-12006', 'LOC-012', 5),
  ('VGT-12007', 'LOC-012', 14),
  ('VGT-12008', 'LOC-012', 10),
  ('VGT-12009', 'LOC-012', 6),
  ('VGT-12010', 'LOC-012', 13),
  ('VGT-13001', 'LOC-013', 13),
  ('VGT-13002', 'LOC-013', 12),
  ('VGT-13003', 'LOC-013', 15),
  ('VGT-13004', 'LOC-013', 6),
  ('VGT-13005', 'LOC-013', 3),
  ('VGT-13006', 'LOC-013', 11),
  ('VGT-13007', 'LOC-013', 10),
  ('VGT-13008', 'LOC-013', 8),
  ('VGT-14001', 'LOC-014', 3),
  ('VGT-14002', 'LOC-014', 1),
  ('VGT-14003', 'LOC-014', 12),
  ('VGT-14004', 'LOC-014', 10),
  ('VGT-14005', 'LOC-014', 11),
  ('VGT-15001', 'LOC-015', 15),
  ('VGT-15002', 'LOC-015', 9),
  ('VGT-15003', 'LOC-015', 13),
  ('VGT-15004', 'LOC-015', 1),
  ('VGT-16001', 'LOC-016', 9),
  ('VGT-16002', 'LOC-016', 14),
  ('VGT-16003', 'LOC-016', 11),
  ('VGT-16004', 'LOC-016', 10),
  ('VGT-16005', 'LOC-016', 6),
  ('VGT-16006', 'LOC-016', 13),
  ('VGT-16007', 'LOC-016', 7),
  ('VGT-16008', 'LOC-016', 12),
  ('VGT-17001', 'LOC-017', 14),
  ('VGT-17002', 'LOC-017', 4),
  ('VGT-17003', 'LOC-017', 6),
  ('VGT-17004', 'LOC-017', 15),
  ('VGT-17005', 'LOC-017', 8),
  ('VGT-17006', 'LOC-017', 3),
  ('VGT-17007', 'LOC-017', 5),
  ('VGT-17008', 'LOC-017', 12),
  ('VGT-18001', 'LOC-018', 4),
  ('VGT-18002', 'LOC-018', 6),
  ('VGT-18003', 'LOC-018', 7),
  ('VGT-18004', 'LOC-018', 8),
  ('VGT-18005', 'LOC-018', 15),
  ('VGT-18006', 'LOC-018', 9),
  ('VGT-18007', 'LOC-018', 3),
  ('VGT-19001', 'LOC-019', 10),
  ('VGT-19002', 'LOC-019', 14),
  ('VGT-19003', 'LOC-019', 5),
  ('VGT-20001', 'LOC-020', 7),
  ('VGT-20002', 'LOC-020', 11),
  ('VGT-20003', 'LOC-020', 5),
  ('VGT-20004', 'LOC-020', 2),
  ('VGT-20005', 'LOC-020', 12),
  ('VGT-20006', 'LOC-020', 4),
  ('VGT-21001', 'LOC-021', 8),
  ('VGT-21002', 'LOC-021', 13),
  ('VGT-21003', 'LOC-021', 14),
  ('VGT-21004', 'LOC-021', 9),
  ('VGT-21005', 'LOC-021', 5),
  ('VGT-21006', 'LOC-021', 15),
  ('VGT-21007', 'LOC-021', 11),
  ('VGT-21008', 'LOC-021', 2),
  ('VGT-22001', 'LOC-022', 14),
  ('VGT-22002', 'LOC-022', 3),
  ('VGT-22003', 'LOC-022', 12),
  ('VGT-23001', 'LOC-023', 6),
  ('VGT-23002', 'LOC-023', 14),
  ('VGT-23003', 'LOC-023', 2),
  ('VGT-23004', 'LOC-023', 12),
  ('VGT-24001', 'LOC-024', 9),
  ('VGT-24002', 'LOC-024', 8),
  ('VGT-24003', 'LOC-024', 2),
  ('VGT-25001', 'LOC-025', 11),
  ('VGT-25002', 'LOC-025', 12),
  ('VGT-25003', 'LOC-025', 2),
  ('VGT-25004', 'LOC-025', 1),
  ('VGT-25005', 'LOC-025', 10),
  ('VGT-26001', 'LOC-026', 9),
  ('VGT-26002', 'LOC-026', 2),
  ('VGT-26003', 'LOC-026', 15),
  ('VGT-27001', 'LOC-027', 7),
  ('VGT-27002', 'LOC-027', 6),
  ('VGT-27003', 'LOC-027', 9),
  ('VGT-27004', 'LOC-027', 15),
  ('VGT-28001', 'LOC-028', 7),
  ('VGT-28002', 'LOC-028', 2),
  ('VGT-28003', 'LOC-028', 14),
  ('VGT-28004', 'LOC-028', 13),
  ('VGT-28005', 'LOC-028', 8),
  ('VGT-28006', 'LOC-028', 6),
  ('VGT-29001', 'LOC-029', 11),
  ('VGT-29002', 'LOC-029', 4),
  ('VGT-29003', 'LOC-029', 12),
  ('VGT-29004', 'LOC-029', 3),
  ('VGT-29005', 'LOC-029', 14),
  ('VGT-29006', 'LOC-029', 5),
  ('VGT-29007', 'LOC-029', 7),
  ('VGT-30001', 'LOC-030', 13),
  ('VGT-30002', 'LOC-030', 9),
  ('VGT-30003', 'LOC-030', 15),
  ('VGT-30004', 'LOC-030', 14),
  ('VGT-30005', 'LOC-030', 8),
  ('VGT-30006', 'LOC-030', 3),
  ('VGT-31001', 'LOC-031', 8),
  ('VGT-31002', 'LOC-031', 15),
  ('VGT-31003', 'LOC-031', 10),
  ('VGT-31004', 'LOC-031', 5),
  ('VGT-32001', 'LOC-032', 2),
  ('VGT-32002', 'LOC-032', 14),
  ('VGT-32003', 'LOC-032', 9),
  ('VGT-32004', 'LOC-032', 5),
  ('VGT-32005', 'LOC-032', 1),
  ('VGT-32006', 'LOC-032', 6),
  ('VGT-32007', 'LOC-032', 13),
  ('VGT-32008', 'LOC-032', 8),
  ('VGT-32009', 'LOC-032', 15),
  ('VGT-33001', 'LOC-033', 13),
  ('VGT-33002', 'LOC-033', 12),
  ('VGT-33003', 'LOC-033', 14),
  ('VGT-33004', 'LOC-033', 7),
  ('VGT-33005', 'LOC-033', 8),
  ('VGT-33006', 'LOC-033', 2),
  ('VGT-34001', 'LOC-034', 13),
  ('VGT-34002', 'LOC-034', 10),
  ('VGT-34003', 'LOC-034', 5),
  ('VGT-34004', 'LOC-034', 8),
  ('VGT-34005', 'LOC-034', 12),
  ('VGT-34006', 'LOC-034', 11),
  ('VGT-34007', 'LOC-034', 7),
  ('VGT-34008', 'LOC-034', 9),
  ('VGT-34009', 'LOC-034', 1),
  ('VGT-35001', 'LOC-035', 2),
  ('VGT-35002', 'LOC-035', 15),
  ('VGT-35003', 'LOC-035', 4),
  ('VGT-36001', 'LOC-036', 14),
  ('VGT-36002', 'LOC-036', 5),
  ('VGT-36003', 'LOC-036', 13),
  ('VGT-36004', 'LOC-036', 8),
  ('VGT-36005', 'LOC-036', 7),
  ('VGT-36006', 'LOC-036', 15),
  ('VGT-37001', 'LOC-037', 10),
  ('VGT-37002', 'LOC-037', 8),
  ('VGT-37003', 'LOC-037', 14),
  ('VGT-38001', 'LOC-038', 7),
  ('VGT-38002', 'LOC-038', 4),
  ('VGT-38003', 'LOC-038', 10),
  ('VGT-39001', 'LOC-039', 7),
  ('VGT-39002', 'LOC-039', 5),
  ('VGT-39003', 'LOC-039', 2),
  ('VGT-39004', 'LOC-039', 11),
  ('VGT-39005', 'LOC-039', 15),
  ('VGT-39006', 'LOC-039', 1),
  ('VGT-39007', 'LOC-039', 12),
  ('VGT-40001', 'LOC-040', 1),
  ('VGT-40002', 'LOC-040', 14),
  ('VGT-40003', 'LOC-040', 8),
  ('VGT-40004', 'LOC-040', 3),
  ('VGT-40005', 'LOC-040', 2),
  ('VGT-40006', 'LOC-040', 6),
  ('VGT-40007', 'LOC-040', 12),
  ('VGT-41001', 'LOC-041', 9),
  ('VGT-41002', 'LOC-041', 7),
  ('VGT-41003', 'LOC-041', 3),
  ('VGT-41004', 'LOC-041', 2),
  ('VGT-42001', 'LOC-042', 10),
  ('VGT-42002', 'LOC-042', 5),
  ('VGT-42003', 'LOC-042', 3),
  ('VGT-42004', 'LOC-042', 7),
  ('VGT-42005', 'LOC-042', 6),
  ('VGT-42006', 'LOC-042', 13),
  ('VGT-42007', 'LOC-042', 2),
  ('VGT-42008', 'LOC-042', 1),
  ('VGT-42009', 'LOC-042', 15),
  ('VGT-43001', 'LOC-043', 7),
  ('VGT-43002', 'LOC-043', 14),
  ('VGT-43003', 'LOC-043', 12),
  ('VGT-43004', 'LOC-043', 3),
  ('VGT-44001', 'LOC-044', 13),
  ('VGT-44002', 'LOC-044', 1),
  ('VGT-44003', 'LOC-044', 9),
  ('VGT-44004', 'LOC-044', 10),
  ('VGT-44005', 'LOC-044', 12),
  ('VGT-44006', 'LOC-044', 7),
  ('VGT-44007', 'LOC-044', 11),
  ('VGT-44008', 'LOC-044', 6),
  ('VGT-44009', 'LOC-044', 8),
  ('VGT-44010', 'LOC-044', 2),
  ('VGT-45001', 'LOC-045', 7),
  ('VGT-45002', 'LOC-045', 11),
  ('VGT-45003', 'LOC-045', 1),
  ('VGT-45004', 'LOC-045', 2),
  ('VGT-45005', 'LOC-045', 5),
  ('VGT-45006', 'LOC-045', 6),
  ('VGT-45007', 'LOC-045', 4),
  ('VGT-45008', 'LOC-045', 9),
  ('VGT-46001', 'LOC-046', 8),
  ('VGT-46002', 'LOC-046', 13),
  ('VGT-46003', 'LOC-046', 12),
  ('VGT-46004', 'LOC-046', 7),
  ('VGT-46005', 'LOC-046', 9),
  ('VGT-46006', 'LOC-046', 10),
  ('VGT-46007', 'LOC-046', 15),
  ('VGT-46008', 'LOC-046', 4),
  ('VGT-46009', 'LOC-046', 11),
  ('VGT-47001', 'LOC-047', 6),
  ('VGT-47002', 'LOC-047', 12),
  ('VGT-47003', 'LOC-047', 13),
  ('VGT-47004', 'LOC-047', 14),
  ('VGT-47005', 'LOC-047', 15),
  ('VGT-47006', 'LOC-047', 8),
  ('VGT-47007', 'LOC-047', 3),
  ('VGT-48001', 'LOC-048', 3),
  ('VGT-48002', 'LOC-048', 13),
  ('VGT-48003', 'LOC-048', 2),
  ('VGT-48004', 'LOC-048', 15),
  ('VGT-49001', 'LOC-049', 7),
  ('VGT-49002', 'LOC-049', 15),
  ('VGT-49003', 'LOC-049', 8),
  ('VGT-49004', 'LOC-049', 10),
  ('VGT-49005', 'LOC-049', 3),
  ('VGT-49006', 'LOC-049', 9),
  ('VGT-49007', 'LOC-049', 5),
  ('VGT-49008', 'LOC-049', 11),
  ('VGT-49009', 'LOC-049', 14),
  ('VGT-50001', 'LOC-050', 1),
  ('VGT-50002', 'LOC-050', 2),
  ('VGT-50003', 'LOC-050', 11),
  ('VGT-50004', 'LOC-050', 6),
  ('VGT-50005', 'LOC-050', 12),
  ('VGT-51001', 'LOC-051', 8),
  ('VGT-51002', 'LOC-051', 11),
  ('VGT-51003', 'LOC-051', 1),
  ('VGT-51004', 'LOC-051', 12),
  ('VGT-51005', 'LOC-051', 4),
  ('VGT-52001', 'LOC-052', 12),
  ('VGT-52002', 'LOC-052', 14),
  ('VGT-52003', 'LOC-052', 5),
  ('VGT-52004', 'LOC-052', 7),
  ('VGT-52005', 'LOC-052', 2),
  ('VGT-52006', 'LOC-052', 6),
  ('VGT-52007', 'LOC-052', 15),
  ('VGT-52008', 'LOC-052', 4),
  ('VGT-53001', 'LOC-053', 9),
  ('VGT-53002', 'LOC-053', 6),
  ('VGT-53003', 'LOC-053', 14),
  ('VGT-53004', 'LOC-053', 1),
  ('VGT-53005', 'LOC-053', 13),
  ('VGT-53006', 'LOC-053', 11),
  ('VGT-53007', 'LOC-053', 15),
  ('VGT-53008', 'LOC-053', 4),
  ('VGT-54001', 'LOC-054', 6),
  ('VGT-54002', 'LOC-054', 1),
  ('VGT-54003', 'LOC-054', 3),
  ('VGT-54004', 'LOC-054', 13),
  ('VGT-54005', 'LOC-054', 14),
  ('VGT-54006', 'LOC-054', 5),
  ('VGT-54007', 'LOC-054', 2),
  ('VGT-54008', 'LOC-054', 4),
  ('VGT-55001', 'LOC-055', 8),
  ('VGT-55002', 'LOC-055', 2),
  ('VGT-55003', 'LOC-055', 3),
  ('VGT-55004', 'LOC-055', 1),
  ('VGT-55005', 'LOC-055', 13),
  ('VGT-55006', 'LOC-055', 14),
  ('VGT-55007', 'LOC-055', 5),
  ('VGT-55008', 'LOC-055', 7),
  ('VGT-55009', 'LOC-055', 10),
  ('VGT-55010', 'LOC-055', 6),
  ('VGT-56001', 'LOC-056', 13),
  ('VGT-56002', 'LOC-056', 4),
  ('VGT-56003', 'LOC-056', 2),
  ('VGT-56004', 'LOC-056', 10),
  ('VGT-56005', 'LOC-056', 6),
  ('VGT-56006', 'LOC-056', 5),
  ('VGT-56007', 'LOC-056', 9),
  ('VGT-56008', 'LOC-056', 14),
  ('VGT-56009', 'LOC-056', 7),
  ('VGT-56010', 'LOC-056', 1),
  ('VGT-57001', 'LOC-057', 8),
  ('VGT-57002', 'LOC-057', 10),
  ('VGT-57003', 'LOC-057', 15),
  ('VGT-57004', 'LOC-057', 11),
  ('VGT-57005', 'LOC-057', 14),
  ('VGT-57006', 'LOC-057', 5),
  ('VGT-57007', 'LOC-057', 2),
  ('VGT-57008', 'LOC-057', 4),
  ('VGT-57009', 'LOC-057', 12),
  ('VGT-57010', 'LOC-057', 13),
  ('VGT-58001', 'LOC-058', 15),
  ('VGT-58002', 'LOC-058', 1),
  ('VGT-58003', 'LOC-058', 11),
  ('VGT-58004', 'LOC-058', 2),
  ('VGT-58005', 'LOC-058', 12),
  ('VGT-58006', 'LOC-058', 14),
  ('VGT-58007', 'LOC-058', 6),
  ('VGT-59001', 'LOC-059', 9),
  ('VGT-59002', 'LOC-059', 14),
  ('VGT-59003', 'LOC-059', 13),
  ('VGT-59004', 'LOC-059', 11),
  ('VGT-59005', 'LOC-059', 8),
  ('VGT-59006', 'LOC-059', 1),
  ('VGT-59007', 'LOC-059', 15),
  ('VGT-59008', 'LOC-059', 7),
  ('VGT-59009', 'LOC-059', 5),
  ('VGT-59010', 'LOC-059', 4),
  ('VGT-60001', 'LOC-060', 1),
  ('VGT-60002', 'LOC-060', 3),
  ('VGT-60003', 'LOC-060', 2),
  ('VGT-60004', 'LOC-060', 5),
  ('VGT-61001', 'LOC-061', 15),
  ('VGT-61002', 'LOC-061', 8),
  ('VGT-61003', 'LOC-061', 7),
  ('VGT-62001', 'LOC-062', 2),
  ('VGT-62002', 'LOC-062', 7),
  ('VGT-62003', 'LOC-062', 14),
  ('VGT-63001', 'LOC-063', 5),
  ('VGT-63002', 'LOC-063', 2),
  ('VGT-63003', 'LOC-063', 11),
  ('VGT-63004', 'LOC-063', 12),
  ('VGT-64001', 'LOC-064', 3),
  ('VGT-64002', 'LOC-064', 6),
  ('VGT-64003', 'LOC-064', 10),
  ('VGT-64004', 'LOC-064', 2),
  ('VGT-64005', 'LOC-064', 11),
  ('VGT-64006', 'LOC-064', 4),
  ('VGT-65001', 'LOC-065', 10),
  ('VGT-65002', 'LOC-065', 7),
  ('VGT-65003', 'LOC-065', 6),
  ('VGT-65004', 'LOC-065', 9),
  ('VGT-65005', 'LOC-065', 14),
  ('VGT-65006', 'LOC-065', 8),
  ('VGT-65007', 'LOC-065', 12),
  ('VGT-65008', 'LOC-065', 13),
  ('VGT-66001', 'LOC-066', 6),
  ('VGT-66002', 'LOC-066', 9),
  ('VGT-66003', 'LOC-066', 14),
  ('VGT-66004', 'LOC-066', 8),
  ('VGT-66005', 'LOC-066', 5),
  ('VGT-66006', 'LOC-066', 13),
  ('VGT-66007', 'LOC-066', 3),
  ('VGT-66008', 'LOC-066', 2),
  ('VGT-66009', 'LOC-066', 1),
  ('VGT-66010', 'LOC-066', 15),
  ('VGT-67001', 'LOC-067', 13),
  ('VGT-67002', 'LOC-067', 12),
  ('VGT-67003', 'LOC-067', 1),
  ('VGT-68001', 'LOC-068', 11),
  ('VGT-68002', 'LOC-068', 2),
  ('VGT-68003', 'LOC-068', 6),
  ('VGT-68004', 'LOC-068', 5),
  ('VGT-68005', 'LOC-068', 9),
  ('VGT-68006', 'LOC-068', 8),
  ('VGT-68007', 'LOC-068', 12),
  ('VGT-68008', 'LOC-068', 13),
  ('VGT-69001', 'LOC-069', 7),
  ('VGT-69002', 'LOC-069', 13),
  ('VGT-69003', 'LOC-069', 2),
  ('VGT-69004', 'LOC-069', 5),
  ('VGT-69005', 'LOC-069', 11),
  ('VGT-69006', 'LOC-069', 3),
  ('VGT-69007', 'LOC-069', 12),
  ('VGT-69008', 'LOC-069', 8),
  ('VGT-69009', 'LOC-069', 6),
  ('VGT-69010', 'LOC-069', 9),
  ('VGT-70001', 'LOC-070', 14),
  ('VGT-70002', 'LOC-070', 15),
  ('VGT-70003', 'LOC-070', 8),
  ('VGT-70004', 'LOC-070', 9),
  ('VGT-71001', 'LOC-071', 8),
  ('VGT-71002', 'LOC-071', 9),
  ('VGT-71003', 'LOC-071', 15),
  ('VGT-71004', 'LOC-071', 10),
  ('VGT-71005', 'LOC-071', 1),
  ('VGT-71006', 'LOC-071', 2),
  ('VGT-71007', 'LOC-071', 5),
  ('VGT-71008', 'LOC-071', 11),
  ('VGT-72001', 'LOC-072', 6),
  ('VGT-72002', 'LOC-072', 5),
  ('VGT-72003', 'LOC-072', 13),
  ('VGT-72004', 'LOC-072', 14),
  ('VGT-73001', 'LOC-073', 15),
  ('VGT-73002', 'LOC-073', 4),
  ('VGT-73003', 'LOC-073', 8),
  ('VGT-73004', 'LOC-073', 13),
  ('VGT-73005', 'LOC-073', 12),
  ('VGT-73006', 'LOC-073', 3),
  ('VGT-73007', 'LOC-073', 7),
  ('VGT-74001', 'LOC-074', 2),
  ('VGT-74002', 'LOC-074', 11),
  ('VGT-74003', 'LOC-074', 15),
  ('VGT-74004', 'LOC-074', 10),
  ('VGT-74005', 'LOC-074', 12),
  ('VGT-74006', 'LOC-074', 5),
  ('VGT-74007', 'LOC-074', 6),
  ('VGT-74008', 'LOC-074', 13),
  ('VGT-74009', 'LOC-074', 9),
  ('VGT-75001', 'LOC-075', 7),
  ('VGT-75002', 'LOC-075', 4),
  ('VGT-75003', 'LOC-075', 15),
  ('VGT-75004', 'LOC-075', 3),
  ('VGT-75005', 'LOC-075', 2),
  ('VGT-75006', 'LOC-075', 8),
  ('VGT-75007', 'LOC-075', 6),
  ('VGT-75008', 'LOC-075', 13),
  ('VGT-75009', 'LOC-075', 12),
  ('VGT-76001', 'LOC-076', 8),
  ('VGT-76002', 'LOC-076', 2),
  ('VGT-76003', 'LOC-076', 3),
  ('VGT-76004', 'LOC-076', 4),
  ('VGT-76005', 'LOC-076', 5),
  ('VGT-76006', 'LOC-076', 14),
  ('VGT-76007', 'LOC-076', 9),
  ('VGT-76008', 'LOC-076', 7),
  ('VGT-76009', 'LOC-076', 1),
  ('VGT-76010', 'LOC-076', 10),
  ('VGT-77001', 'LOC-077', 13),
  ('VGT-77002', 'LOC-077', 1),
  ('VGT-77003', 'LOC-077', 3),
  ('VGT-77004', 'LOC-077', 10),
  ('VGT-77005', 'LOC-077', 2),
  ('VGT-77006', 'LOC-077', 4),
  ('VGT-77007', 'LOC-077', 7),
  ('VGT-77008', 'LOC-077', 8),
  ('VGT-77009', 'LOC-077', 15),
  ('VGT-78001', 'LOC-078', 13),
  ('VGT-78002', 'LOC-078', 7),
  ('VGT-78003', 'LOC-078', 10),
  ('VGT-78004', 'LOC-078', 4),
  ('VGT-78005', 'LOC-078', 14),
  ('VGT-78006', 'LOC-078', 3),
  ('VGT-78007', 'LOC-078', 6),
  ('VGT-78008', 'LOC-078', 2),
  ('VGT-78009', 'LOC-078', 8),
  ('VGT-78010', 'LOC-078', 1),
  ('VGT-79001', 'LOC-079', 1),
  ('VGT-79002', 'LOC-079', 4),
  ('VGT-79003', 'LOC-079', 14),
  ('VGT-79004', 'LOC-079', 15),
  ('VGT-79005', 'LOC-079', 5),
  ('VGT-79006', 'LOC-079', 10),
  ('VGT-80001', 'LOC-080', 12),
  ('VGT-80002', 'LOC-080', 1),
  ('VGT-80003', 'LOC-080', 3),
  ('VGT-80004', 'LOC-080', 6),
  ('VGT-80005', 'LOC-080', 14),
  ('VGT-80006', 'LOC-080', 4),
  ('VGT-80007', 'LOC-080', 7),
  ('VGT-81001', 'LOC-081', 7),
  ('VGT-81002', 'LOC-081', 6),
  ('VGT-81003', 'LOC-081', 4),
  ('VGT-81004', 'LOC-081', 12),
  ('VGT-81005', 'LOC-081', 5),
  ('VGT-82001', 'LOC-082', 15),
  ('VGT-82002', 'LOC-082', 6),
  ('VGT-82003', 'LOC-082', 14),
  ('VGT-82004', 'LOC-082', 2),
  ('VGT-82005', 'LOC-082', 12),
  ('VGT-82006', 'LOC-082', 9),
  ('VGT-82007', 'LOC-082', 11),
  ('VGT-83001', 'LOC-083', 6),
  ('VGT-83002', 'LOC-083', 15),
  ('VGT-83003', 'LOC-083', 8),
  ('VGT-83004', 'LOC-083', 10),
  ('VGT-83005', 'LOC-083', 11),
  ('VGT-84001', 'LOC-084', 6),
  ('VGT-84002', 'LOC-084', 2),
  ('VGT-84003', 'LOC-084', 3),
  ('VGT-84004', 'LOC-084', 5),
  ('VGT-84005', 'LOC-084', 12),
  ('VGT-84006', 'LOC-084', 9),
  ('VGT-84007', 'LOC-084', 10),
  ('VGT-84008', 'LOC-084', 13),
  ('VGT-84009', 'LOC-084', 8),
  ('VGT-84010', 'LOC-084', 11),
  ('VGT-85001', 'LOC-085', 15),
  ('VGT-85002', 'LOC-085', 13),
  ('VGT-85003', 'LOC-085', 6),
  ('VGT-85004', 'LOC-085', 10),
  ('VGT-85005', 'LOC-085', 12),
  ('VGT-86001', 'LOC-086', 3),
  ('VGT-86002', 'LOC-086', 13),
  ('VGT-86003', 'LOC-086', 11),
  ('VGT-86004', 'LOC-086', 1),
  ('VGT-86005', 'LOC-086', 2),
  ('VGT-86006', 'LOC-086', 8),
  ('VGT-87001', 'LOC-087', 13),
  ('VGT-87002', 'LOC-087', 9),
  ('VGT-87003', 'LOC-087', 15),
  ('VGT-87004', 'LOC-087', 8),
  ('VGT-87005', 'LOC-087', 11),
  ('VGT-87006', 'LOC-087', 3),
  ('VGT-87007', 'LOC-087', 7),
  ('VGT-87008', 'LOC-087', 6),
  ('VGT-87009', 'LOC-087', 1),
  ('VGT-88001', 'LOC-088', 9),
  ('VGT-88002', 'LOC-088', 6),
  ('VGT-88003', 'LOC-088', 10),
  ('VGT-88004', 'LOC-088', 2),
  ('VGT-88005', 'LOC-088', 13),
  ('VGT-88006', 'LOC-088', 1),
  ('VGT-88007', 'LOC-088', 14),
  ('VGT-88008', 'LOC-088', 5),
  ('VGT-89001', 'LOC-089', 10),
  ('VGT-89002', 'LOC-089', 13),
  ('VGT-89003', 'LOC-089', 4),
  ('VGT-89004', 'LOC-089', 14),
  ('VGT-89005', 'LOC-089', 9),
  ('VGT-89006', 'LOC-089', 3),
  ('VGT-89007', 'LOC-089', 11),
  ('VGT-89008', 'LOC-089', 5),
  ('VGT-90001', 'LOC-090', 8),
  ('VGT-90002', 'LOC-090', 7),
  ('VGT-90003', 'LOC-090', 14),
  ('VGT-90004', 'LOC-090', 13),
  ('VGT-90005', 'LOC-090', 3),
  ('VGT-90006', 'LOC-090', 5),
  ('VGT-90007', 'LOC-090', 11),
  ('VGT-90008', 'LOC-090', 6),
  ('VGT-90009', 'LOC-090', 9),
  ('VGT-90010', 'LOC-090', 2),
  ('VGT-91001', 'LOC-091', 6),
  ('VGT-91002', 'LOC-091', 12),
  ('VGT-91003', 'LOC-091', 5),
  ('VGT-91004', 'LOC-091', 2),
  ('VGT-91005', 'LOC-091', 13),
  ('VGT-91006', 'LOC-091', 9),
  ('VGT-91007', 'LOC-091', 3),
  ('VGT-91008', 'LOC-091', 4),
  ('VGT-92001', 'LOC-092', 10),
  ('VGT-92002', 'LOC-092', 13),
  ('VGT-92003', 'LOC-092', 11),
  ('VGT-92004', 'LOC-092', 7),
  ('VGT-92005', 'LOC-092', 8),
  ('VGT-92006', 'LOC-092', 4),
  ('VGT-92007', 'LOC-092', 14),
  ('VGT-93001', 'LOC-093', 9),
  ('VGT-93002', 'LOC-093', 10),
  ('VGT-93003', 'LOC-093', 11),
  ('VGT-93004', 'LOC-093', 15),
  ('VGT-93005', 'LOC-093', 8),
  ('VGT-94001', 'LOC-094', 13),
  ('VGT-94002', 'LOC-094', 5),
  ('VGT-94003', 'LOC-094', 11),
  ('VGT-95001', 'LOC-095', 10),
  ('VGT-95002', 'LOC-095', 6),
  ('VGT-95003', 'LOC-095', 15),
  ('VGT-95004', 'LOC-095', 7),
  ('VGT-95005', 'LOC-095', 9),
  ('VGT-95006', 'LOC-095', 12),
  ('VGT-95007', 'LOC-095', 2),
  ('VGT-95008', 'LOC-095', 14),
  ('VGT-96001', 'LOC-096', 10),
  ('VGT-96002', 'LOC-096', 9),
  ('VGT-96003', 'LOC-096', 15),
  ('VGT-96004', 'LOC-096', 2),
  ('VGT-96005', 'LOC-096', 12),
  ('VGT-96006', 'LOC-096', 8),
  ('VGT-96007', 'LOC-096', 14),
  ('VGT-96008', 'LOC-096', 1),
  ('VGT-96009', 'LOC-096', 11),
  ('VGT-97001', 'LOC-097', 11),
  ('VGT-97002', 'LOC-097', 7),
  ('VGT-97003', 'LOC-097', 13),
  ('VGT-97004', 'LOC-097', 3),
  ('VGT-97005', 'LOC-097', 9),
  ('VGT-97006', 'LOC-097', 2),
  ('VGT-97007', 'LOC-097', 10),
  ('VGT-97008', 'LOC-097', 12),
  ('VGT-97009', 'LOC-097', 1),
  ('VGT-98001', 'LOC-098', 1),
  ('VGT-98002', 'LOC-098', 4),
  ('VGT-98003', 'LOC-098', 3),
  ('VGT-98004', 'LOC-098', 2),
  ('VGT-98005', 'LOC-098', 6),
  ('VGT-98006', 'LOC-098', 9),
  ('VGT-98007', 'LOC-098', 13),
  ('VGT-99001', 'LOC-099', 13),
  ('VGT-99002', 'LOC-099', 9),
  ('VGT-99003', 'LOC-099', 14),
  ('VGT-100001', 'LOC-100', 5),
  ('VGT-100002', 'LOC-100', 8),
  ('VGT-100003', 'LOC-100', 3),
  ('VGT-100004', 'LOC-100', 1),
  ('VGT-100005', 'LOC-100', 7),
  ('VGT-100006', 'LOC-100', 10),
  ('VGT-101001', 'LOC-101', 10),
  ('VGT-101002', 'LOC-101', 2),
  ('VGT-101003', 'LOC-101', 13),
  ('VGT-101004', 'LOC-101', 4),
  ('VGT-101005', 'LOC-101', 12),
  ('VGT-101006', 'LOC-101', 1),
  ('VGT-101007', 'LOC-101', 6),
  ('VGT-101008', 'LOC-101', 5),
  ('VGT-101009', 'LOC-101', 14),
  ('VGT-102001', 'LOC-102', 11),
  ('VGT-102002', 'LOC-102', 6),
  ('VGT-102003', 'LOC-102', 12),
  ('VGT-102004', 'LOC-102', 9),
  ('VGT-103001', 'LOC-103', 4),
  ('VGT-103002', 'LOC-103', 5),
  ('VGT-103003', 'LOC-103', 14),
  ('VGT-103004', 'LOC-103', 15),
  ('VGT-103005', 'LOC-103', 12),
  ('VGT-104001', 'LOC-104', 11),
  ('VGT-104002', 'LOC-104', 7),
  ('VGT-104003', 'LOC-104', 14),
  ('VGT-104004', 'LOC-104', 8),
  ('VGT-105001', 'LOC-105', 15),
  ('VGT-105002', 'LOC-105', 2),
  ('VGT-105003', 'LOC-105', 8),
  ('VGT-105004', 'LOC-105', 1),
  ('VGT-105005', 'LOC-105', 7),
  ('VGT-105006', 'LOC-105', 9),
  ('VGT-105007', 'LOC-105', 5),
  ('VGT-105008', 'LOC-105', 11),
  ('VGT-105009', 'LOC-105', 3),
  ('VGT-106001', 'LOC-106', 11),
  ('VGT-106002', 'LOC-106', 5),
  ('VGT-106003', 'LOC-106', 6),
  ('VGT-106004', 'LOC-106', 12),
  ('VGT-106005', 'LOC-106', 15),
  ('VGT-106006', 'LOC-106', 1),
  ('VGT-106007', 'LOC-106', 2),
  ('VGT-106008', 'LOC-106', 9),
  ('VGT-107001', 'LOC-107', 14),
  ('VGT-107002', 'LOC-107', 4),
  ('VGT-107003', 'LOC-107', 10),
  ('VGT-107004', 'LOC-107', 1),
  ('VGT-108001', 'LOC-108', 13),
  ('VGT-108002', 'LOC-108', 11),
  ('VGT-108003', 'LOC-108', 14),
  ('VGT-108004', 'LOC-108', 5),
  ('VGT-108005', 'LOC-108', 15),
  ('VGT-108006', 'LOC-108', 8),
  ('VGT-109001', 'LOC-109', 1),
  ('VGT-109002', 'LOC-109', 9),
  ('VGT-109003', 'LOC-109', 10),
  ('VGT-109004', 'LOC-109', 6),
  ('VGT-110001', 'LOC-110', 8),
  ('VGT-110002', 'LOC-110', 5),
  ('VGT-110003', 'LOC-110', 4),
  ('VGT-110004', 'LOC-110', 1),
  ('VGT-111001', 'LOC-111', 10),
  ('VGT-111002', 'LOC-111', 2),
  ('VGT-111003', 'LOC-111', 8),
  ('VGT-111004', 'LOC-111', 13),
  ('VGT-111005', 'LOC-111', 7),
  ('VGT-112001', 'LOC-112', 15),
  ('VGT-112002', 'LOC-112', 3),
  ('VGT-112003', 'LOC-112', 5),
  ('VGT-112004', 'LOC-112', 10),
  ('VGT-112005', 'LOC-112', 13),
  ('VGT-112006', 'LOC-112', 14),
  ('VGT-112007', 'LOC-112', 12),
  ('VGT-112008', 'LOC-112', 8),
  ('VGT-112009', 'LOC-112', 9),
  ('VGT-112010', 'LOC-112', 11),
  ('VGT-113001', 'LOC-113', 6),
  ('VGT-113002', 'LOC-113', 7),
  ('VGT-113003', 'LOC-113', 8),
  ('VGT-113004', 'LOC-113', 3),
  ('VGT-113005', 'LOC-113', 10),
  ('VGT-113006', 'LOC-113', 13),
  ('VGT-113007', 'LOC-113', 9),
  ('VGT-113008', 'LOC-113', 15),
  ('VGT-114001', 'LOC-114', 8),
  ('VGT-114002', 'LOC-114', 9),
  ('VGT-114003', 'LOC-114', 2),
  ('VGT-114004', 'LOC-114', 3),
  ('VGT-114005', 'LOC-114', 11),
  ('VGT-114006', 'LOC-114', 7),
  ('VGT-114007', 'LOC-114', 10),
  ('VGT-114008', 'LOC-114', 15),
  ('VGT-114009', 'LOC-114', 14),
  ('VGT-114010', 'LOC-114', 1),
  ('VGT-115001', 'LOC-115', 15),
  ('VGT-115002', 'LOC-115', 9),
  ('VGT-115003', 'LOC-115', 3),
  ('VGT-115004', 'LOC-115', 4),
  ('VGT-115005', 'LOC-115', 5),
  ('VGT-116001', 'LOC-116', 3),
  ('VGT-116002', 'LOC-116', 12),
  ('VGT-116003', 'LOC-116', 14),
  ('VGT-116004', 'LOC-116', 9),
  ('VGT-116005', 'LOC-116', 4),
  ('VGT-116006', 'LOC-116', 2),
  ('VGT-116007', 'LOC-116', 15),
  ('VGT-116008', 'LOC-116', 1),
  ('VGT-116009', 'LOC-116', 11),
  ('VGT-117001', 'LOC-117', 11),
  ('VGT-117002', 'LOC-117', 2),
  ('VGT-117003', 'LOC-117', 3),
  ('VGT-117004', 'LOC-117', 13),
  ('VGT-117005', 'LOC-117', 8),
  ('VGT-118001', 'LOC-118', 2),
  ('VGT-118002', 'LOC-118', 7),
  ('VGT-118003', 'LOC-118', 11),
  ('VGT-118004', 'LOC-118', 10),
  ('VGT-119001', 'LOC-119', 13),
  ('VGT-119002', 'LOC-119', 2),
  ('VGT-119003', 'LOC-119', 8),
  ('VGT-119004', 'LOC-119', 7),
  ('VGT-119005', 'LOC-119', 14),
  ('VGT-119006', 'LOC-119', 11),
  ('VGT-119007', 'LOC-119', 12),
  ('VGT-119008', 'LOC-119', 6),
  ('VGT-119009', 'LOC-119', 4),
  ('VGT-119010', 'LOC-119', 3),
  ('VGT-120001', 'LOC-120', 9),
  ('VGT-120002', 'LOC-120', 8),
  ('VGT-120003', 'LOC-120', 7),
  ('VGT-120004', 'LOC-120', 4),
  ('VGT-120005', 'LOC-120', 13),
  ('VGT-121001', 'LOC-121', 11),
  ('VGT-121002', 'LOC-121', 7),
  ('VGT-121003', 'LOC-121', 15),
  ('VGT-122001', 'LOC-122', 10),
  ('VGT-122002', 'LOC-122', 7),
  ('VGT-122003', 'LOC-122', 4),
  ('VGT-122004', 'LOC-122', 8),
  ('VGT-122005', 'LOC-122', 14),
  ('VGT-122006', 'LOC-122', 9),
  ('VGT-122007', 'LOC-122', 5),
  ('VGT-122008', 'LOC-122', 3),
  ('VGT-123001', 'LOC-123', 1),
  ('VGT-123002', 'LOC-123', 6),
  ('VGT-123003', 'LOC-123', 12),
  ('VGT-123004', 'LOC-123', 2),
  ('VGT-123005', 'LOC-123', 3),
  ('VGT-123006', 'LOC-123', 8),
  ('VGT-123007', 'LOC-123', 14),
  ('VGT-123008', 'LOC-123', 9),
  ('VGT-124001', 'LOC-124', 11),
  ('VGT-124002', 'LOC-124', 4),
  ('VGT-124003', 'LOC-124', 3),
  ('VGT-124004', 'LOC-124', 9),
  ('VGT-124005', 'LOC-124', 7),
  ('VGT-124006', 'LOC-124', 6),
  ('VGT-124007', 'LOC-124', 1),
  ('VGT-125001', 'LOC-125', 6),
  ('VGT-125002', 'LOC-125', 2),
  ('VGT-125003', 'LOC-125', 12),
  ('VGT-125004', 'LOC-125', 9),
  ('VGT-125005', 'LOC-125', 3),
  ('VGT-125006', 'LOC-125', 8),
  ('VGT-125007', 'LOC-125', 7),
  ('VGT-125008', 'LOC-125', 14),
  ('VGT-125009', 'LOC-125', 1),
  ('VGT-125010', 'LOC-125', 11),
  ('VGT-126001', 'LOC-126', 12),
  ('VGT-126002', 'LOC-126', 10),
  ('VGT-126003', 'LOC-126', 5),
  ('VGT-126004', 'LOC-126', 1),
  ('VGT-126005', 'LOC-126', 14),
  ('VGT-126006', 'LOC-126', 2),
  ('VGT-126007', 'LOC-126', 13),
  ('VGT-127001', 'LOC-127', 9),
  ('VGT-127002', 'LOC-127', 11),
  ('VGT-127003', 'LOC-127', 5),
  ('VGT-127004', 'LOC-127', 6),
  ('VGT-127005', 'LOC-127', 13),
  ('VGT-127006', 'LOC-127', 12),
  ('VGT-127007', 'LOC-127', 7),
  ('VGT-128001', 'LOC-128', 7),
  ('VGT-128002', 'LOC-128', 15),
  ('VGT-128003', 'LOC-128', 9),
  ('VGT-128004', 'LOC-128', 4),
  ('VGT-128005', 'LOC-128', 2),
  ('VGT-128006', 'LOC-128', 3),
  ('VGT-129001', 'LOC-129', 14),
  ('VGT-129002', 'LOC-129', 6),
  ('VGT-129003', 'LOC-129', 5),
  ('VGT-129004', 'LOC-129', 10),
  ('VGT-130001', 'LOC-130', 13),
  ('VGT-130002', 'LOC-130', 4),
  ('VGT-130003', 'LOC-130', 11),
  ('VGT-131001', 'LOC-131', 15),
  ('VGT-131002', 'LOC-131', 1),
  ('VGT-131003', 'LOC-131', 3),
  ('VGT-131004', 'LOC-131', 2),
  ('VGT-131005', 'LOC-131', 10),
  ('VGT-131006', 'LOC-131', 12),
  ('VGT-131007', 'LOC-131', 14),
  ('VGT-131008', 'LOC-131', 13),
  ('VGT-132001', 'LOC-132', 12),
  ('VGT-132002', 'LOC-132', 13),
  ('VGT-132003', 'LOC-132', 6),
  ('VGT-132004', 'LOC-132', 5),
  ('VGT-132005', 'LOC-132', 2),
  ('VGT-132006', 'LOC-132', 14),
  ('VGT-132007', 'LOC-132', 11),
  ('VGT-132008', 'LOC-132', 7),
  ('VGT-133001', 'LOC-133', 5),
  ('VGT-133002', 'LOC-133', 2),
  ('VGT-133003', 'LOC-133', 7),
  ('VGT-133004', 'LOC-133', 4),
  ('VGT-133005', 'LOC-133', 12),
  ('VGT-133006', 'LOC-133', 8),
  ('VGT-133007', 'LOC-133', 3),
  ('VGT-133008', 'LOC-133', 11),
  ('VGT-134001', 'LOC-134', 7),
  ('VGT-134002', 'LOC-134', 6),
  ('VGT-134003', 'LOC-134', 1),
  ('VGT-134004', 'LOC-134', 8),
  ('VGT-134005', 'LOC-134', 12),
  ('VGT-135001', 'LOC-135', 7),
  ('VGT-135002', 'LOC-135', 14),
  ('VGT-135003', 'LOC-135', 9),
  ('VGT-135004', 'LOC-135', 1),
  ('VGT-135005', 'LOC-135', 5),
  ('VGT-136001', 'LOC-136', 10),
  ('VGT-136002', 'LOC-136', 1),
  ('VGT-136003', 'LOC-136', 6),
  ('VGT-136004', 'LOC-136', 13),
  ('VGT-136005', 'LOC-136', 11),
  ('VGT-136006', 'LOC-136', 2),
  ('VGT-136007', 'LOC-136', 3),
  ('VGT-136008', 'LOC-136', 4),
  ('VGT-136009', 'LOC-136', 7),
  ('VGT-136010', 'LOC-136', 5),
  ('VGT-137001', 'LOC-137', 2),
  ('VGT-137002', 'LOC-137', 7),
  ('VGT-137003', 'LOC-137', 8),
  ('VGT-137004', 'LOC-137', 12),
  ('VGT-138001', 'LOC-138', 13),
  ('VGT-138002', 'LOC-138', 5),
  ('VGT-138003', 'LOC-138', 4),
  ('VGT-138004', 'LOC-138', 9),
  ('VGT-138005', 'LOC-138', 7),
  ('VGT-138006', 'LOC-138', 6),
  ('VGT-139001', 'LOC-139', 6),
  ('VGT-139002', 'LOC-139', 7),
  ('VGT-139003', 'LOC-139', 9),
  ('VGT-139004', 'LOC-139', 15),
  ('VGT-139005', 'LOC-139', 13),
  ('VGT-139006', 'LOC-139', 10),
  ('VGT-139007', 'LOC-139', 5),
  ('VGT-140001', 'LOC-140', 1),
  ('VGT-140002', 'LOC-140', 14),
  ('VGT-140003', 'LOC-140', 10),
  ('VGT-140004', 'LOC-140', 12),
  ('VGT-140005', 'LOC-140', 3),
  ('VGT-140006', 'LOC-140', 5),
  ('VGT-140007', 'LOC-140', 9),
  ('VGT-140008', 'LOC-140', 15),
  ('VGT-140009', 'LOC-140', 6),
  ('VGT-140010', 'LOC-140', 13),
  ('VGT-141001', 'LOC-141', 11),
  ('VGT-141002', 'LOC-141', 5),
  ('VGT-141003', 'LOC-141', 6),
  ('VGT-141004', 'LOC-141', 9),
  ('VGT-142001', 'LOC-142', 1),
  ('VGT-142002', 'LOC-142', 15),
  ('VGT-142003', 'LOC-142', 2),
  ('VGT-142004', 'LOC-142', 12),
  ('VGT-143001', 'LOC-143', 15),
  ('VGT-143002', 'LOC-143', 7),
  ('VGT-143003', 'LOC-143', 4),
  ('VGT-143004', 'LOC-143', 12),
  ('VGT-143005', 'LOC-143', 9),
  ('VGT-143006', 'LOC-143', 2),
  ('VGT-143007', 'LOC-143', 10),
  ('VGT-143008', 'LOC-143', 5),
  ('VGT-143009', 'LOC-143', 3),
  ('VGT-144001', 'LOC-144', 9),
  ('VGT-144002', 'LOC-144', 15),
  ('VGT-144003', 'LOC-144', 12),
  ('VGT-144004', 'LOC-144', 7),
  ('VGT-144005', 'LOC-144', 5),
  ('VGT-145001', 'LOC-145', 11),
  ('VGT-145002', 'LOC-145', 1),
  ('VGT-145003', 'LOC-145', 2),
  ('VGT-145004', 'LOC-145', 7),
  ('VGT-145005', 'LOC-145', 6),
  ('VGT-145006', 'LOC-145', 3),
  ('VGT-146001', 'LOC-146', 13),
  ('VGT-146002', 'LOC-146', 10),
  ('VGT-146003', 'LOC-146', 7),
  ('VGT-146004', 'LOC-146', 15),
  ('VGT-146005', 'LOC-146', 1),
  ('VGT-146006', 'LOC-146', 4),
  ('VGT-147001', 'LOC-147', 4),
  ('VGT-147002', 'LOC-147', 8),
  ('VGT-147003', 'LOC-147', 2),
  ('VGT-147004', 'LOC-147', 12),
  ('VGT-147005', 'LOC-147', 15),
  ('VGT-147006', 'LOC-147', 7),
  ('VGT-148001', 'LOC-148', 4),
  ('VGT-148002', 'LOC-148', 12),
  ('VGT-148003', 'LOC-148', 5),
  ('VGT-148004', 'LOC-148', 10),
  ('VGT-148005', 'LOC-148', 3),
  ('VGT-148006', 'LOC-148', 15),
  ('VGT-148007', 'LOC-148', 6),
  ('VGT-148008', 'LOC-148', 13),
  ('VGT-149001', 'LOC-149', 15),
  ('VGT-149002', 'LOC-149', 8),
  ('VGT-149003', 'LOC-149', 9),
  ('VGT-149004', 'LOC-149', 2),
  ('VGT-149005', 'LOC-149', 11),
  ('VGT-149006', 'LOC-149', 6),
  ('VGT-150001', 'LOC-150', 14),
  ('VGT-150002', 'LOC-150', 5),
  ('VGT-150003', 'LOC-150', 12),
  ('VGT-150004', 'LOC-150', 2),
  ('VGT-150005', 'LOC-150', 11),
  ('VGT-150006', 'LOC-150', 3),
  ('VGT-150007', 'LOC-150', 4),
  ('VGT-150008', 'LOC-150', 13),
  ('VGT-150009', 'LOC-150', 8),
  ('VGT-151001', 'LOC-151', 6),
  ('VGT-151002', 'LOC-151', 8),
  ('VGT-151003', 'LOC-151', 2),
  ('VGT-151004', 'LOC-151', 5),
  ('VGT-151005', 'LOC-151', 14),
  ('VGT-151006', 'LOC-151', 10),
  ('VGT-151007', 'LOC-151', 15),
  ('VGT-151008', 'LOC-151', 4),
  ('VGT-151009', 'LOC-151', 11),
  ('VGT-151010', 'LOC-151', 13),
  ('VGT-152001', 'LOC-152', 14),
  ('VGT-152002', 'LOC-152', 3),
  ('VGT-152003', 'LOC-152', 6),
  ('VGT-152004', 'LOC-152', 13),
  ('VGT-152005', 'LOC-152', 4),
  ('VGT-152006', 'LOC-152', 7),
  ('VGT-152007', 'LOC-152', 11),
  ('VGT-152008', 'LOC-152', 5),
  ('VGT-152009', 'LOC-152', 2),
  ('VGT-153001', 'LOC-153', 12),
  ('VGT-153002', 'LOC-153', 14),
  ('VGT-153003', 'LOC-153', 10),
  ('VGT-153004', 'LOC-153', 5),
  ('VGT-153005', 'LOC-153', 13),
  ('VGT-153006', 'LOC-153', 9),
  ('VGT-154001', 'LOC-154', 13),
  ('VGT-154002', 'LOC-154', 15),
  ('VGT-154003', 'LOC-154', 12),
  ('VGT-154004', 'LOC-154', 3),
  ('VGT-154005', 'LOC-154', 7),
  ('VGT-154006', 'LOC-154', 8),
  ('VGT-154007', 'LOC-154', 2),
  ('VGT-155001', 'LOC-155', 3),
  ('VGT-155002', 'LOC-155', 1),
  ('VGT-155003', 'LOC-155', 9),
  ('VGT-155004', 'LOC-155', 10),
  ('VGT-155005', 'LOC-155', 4),
  ('VGT-155006', 'LOC-155', 11),
  ('VGT-155007', 'LOC-155', 12),
  ('VGT-156001', 'LOC-156', 12),
  ('VGT-156002', 'LOC-156', 7),
  ('VGT-156003', 'LOC-156', 15),
  ('VGT-156004', 'LOC-156', 4),
  ('VGT-156005', 'LOC-156', 5),
  ('VGT-156006', 'LOC-156', 14),
  ('VGT-156007', 'LOC-156', 2),
  ('VGT-157001', 'LOC-157', 13),
  ('VGT-157002', 'LOC-157', 9),
  ('VGT-157003', 'LOC-157', 14),
  ('VGT-157004', 'LOC-157', 10),
  ('VGT-157005', 'LOC-157', 1),
  ('VGT-158001', 'LOC-158', 1),
  ('VGT-158002', 'LOC-158', 10),
  ('VGT-158003', 'LOC-158', 9),
  ('VGT-158004', 'LOC-158', 5),
  ('VGT-158005', 'LOC-158', 2),
  ('VGT-159001', 'LOC-159', 8),
  ('VGT-159002', 'LOC-159', 1),
  ('VGT-159003', 'LOC-159', 7),
  ('VGT-159004', 'LOC-159', 2),
  ('VGT-159005', 'LOC-159', 9),
  ('VGT-159006', 'LOC-159', 10),
  ('VGT-160001', 'LOC-160', 6),
  ('VGT-160002', 'LOC-160', 9),
  ('VGT-160003', 'LOC-160', 15),
  ('VGT-160004', 'LOC-160', 3),
  ('VGT-160005', 'LOC-160', 12),
  ('VGT-161001', 'LOC-161', 9),
  ('VGT-161002', 'LOC-161', 7),
  ('VGT-161003', 'LOC-161', 15),
  ('VGT-161004', 'LOC-161', 2),
  ('VGT-161005', 'LOC-161', 8),
  ('VGT-161006', 'LOC-161', 3),
  ('VGT-161007', 'LOC-161', 4),
  ('VGT-161008', 'LOC-161', 10),
  ('VGT-162001', 'LOC-162', 1),
  ('VGT-162002', 'LOC-162', 8),
  ('VGT-162003', 'LOC-162', 4),
  ('VGT-162004', 'LOC-162', 5),
  ('VGT-163001', 'LOC-163', 8),
  ('VGT-163002', 'LOC-163', 14),
  ('VGT-163003', 'LOC-163', 6),
  ('VGT-163004', 'LOC-163', 10),
  ('VGT-164001', 'LOC-164', 12),
  ('VGT-164002', 'LOC-164', 1),
  ('VGT-164003', 'LOC-164', 6),
  ('VGT-164004', 'LOC-164', 4),
  ('VGT-164005', 'LOC-164', 15),
  ('VGT-164006', 'LOC-164', 11),
  ('VGT-164007', 'LOC-164', 9),
  ('VGT-164008', 'LOC-164', 5),
  ('VGT-164009', 'LOC-164', 10),
  ('VGT-164010', 'LOC-164', 14),
  ('VGT-165001', 'LOC-165', 9),
  ('VGT-165002', 'LOC-165', 13),
  ('VGT-165003', 'LOC-165', 7),
  ('VGT-165004', 'LOC-165', 5),
  ('VGT-165005', 'LOC-165', 3),
  ('VGT-166001', 'LOC-166', 3),
  ('VGT-166002', 'LOC-166', 12),
  ('VGT-166003', 'LOC-166', 5),
  ('VGT-166004', 'LOC-166', 15),
  ('VGT-166005', 'LOC-166', 8),
  ('VGT-166006', 'LOC-166', 7),
  ('VGT-166007', 'LOC-166', 4),
  ('VGT-166008', 'LOC-166', 13),
  ('VGT-166009', 'LOC-166', 10),
  ('VGT-167001', 'LOC-167', 15),
  ('VGT-167002', 'LOC-167', 5),
  ('VGT-167003', 'LOC-167', 7),
  ('VGT-167004', 'LOC-167', 11),
  ('VGT-167005', 'LOC-167', 6),
  ('VGT-168001', 'LOC-168', 2),
  ('VGT-168002', 'LOC-168', 8),
  ('VGT-168003', 'LOC-168', 14),
  ('VGT-169001', 'LOC-169', 15),
  ('VGT-169002', 'LOC-169', 11),
  ('VGT-169003', 'LOC-169', 13),
  ('VGT-169004', 'LOC-169', 4),
  ('VGT-169005', 'LOC-169', 12),
  ('VGT-169006', 'LOC-169', 9),
  ('VGT-169007', 'LOC-169', 6),
  ('VGT-170001', 'LOC-170', 13),
  ('VGT-170002', 'LOC-170', 8),
  ('VGT-170003', 'LOC-170', 2),
  ('VGT-170004', 'LOC-170', 3),
  ('VGT-171001', 'LOC-171', 4),
  ('VGT-171002', 'LOC-171', 10),
  ('VGT-171003', 'LOC-171', 13),
  ('VGT-171004', 'LOC-171', 1),
  ('VGT-171005', 'LOC-171', 14),
  ('VGT-172001', 'LOC-172', 7),
  ('VGT-172002', 'LOC-172', 9),
  ('VGT-172003', 'LOC-172', 11),
  ('VGT-172004', 'LOC-172', 6),
  ('VGT-172005', 'LOC-172', 1),
  ('VGT-172006', 'LOC-172', 14),
  ('VGT-173001', 'LOC-173', 5),
  ('VGT-173002', 'LOC-173', 10),
  ('VGT-173003', 'LOC-173', 14),
  ('VGT-173004', 'LOC-173', 12),
  ('VGT-173005', 'LOC-173', 15),
  ('VGT-173006', 'LOC-173', 8),
  ('VGT-173007', 'LOC-173', 6),
  ('VGT-173008', 'LOC-173', 9),
  ('VGT-174001', 'LOC-174', 14),
  ('VGT-174002', 'LOC-174', 11),
  ('VGT-174003', 'LOC-174', 1),
  ('VGT-174004', 'LOC-174', 9),
  ('VGT-174005', 'LOC-174', 2),
  ('VGT-174006', 'LOC-174', 4),
  ('VGT-174007', 'LOC-174', 5),
  ('VGT-174008', 'LOC-174', 10),
  ('VGT-174009', 'LOC-174', 7),
  ('VGT-174010', 'LOC-174', 8),
  ('VGT-175001', 'LOC-175', 14),
  ('VGT-175002', 'LOC-175', 9),
  ('VGT-175003', 'LOC-175', 1),
  ('VGT-175004', 'LOC-175', 11),
  ('VGT-175005', 'LOC-175', 6),
  ('VGT-175006', 'LOC-175', 2),
  ('VGT-175007', 'LOC-175', 12),
  ('VGT-175008', 'LOC-175', 8),
  ('VGT-175009', 'LOC-175', 7),
  ('VGT-176001', 'LOC-176', 11),
  ('VGT-176002', 'LOC-176', 14),
  ('VGT-176003', 'LOC-176', 8),
  ('VGT-176004', 'LOC-176', 7),
  ('VGT-176005', 'LOC-176', 3),
  ('VGT-176006', 'LOC-176', 5),
  ('VGT-177001', 'LOC-177', 13),
  ('VGT-177002', 'LOC-177', 6),
  ('VGT-177003', 'LOC-177', 5),
  ('VGT-177004', 'LOC-177', 11),
  ('VGT-178001', 'LOC-178', 9),
  ('VGT-178002', 'LOC-178', 6),
  ('VGT-178003', 'LOC-178', 5),
  ('VGT-178004', 'LOC-178', 7),
  ('VGT-178005', 'LOC-178', 10),
  ('VGT-179001', 'LOC-179', 11),
  ('VGT-179002', 'LOC-179', 7),
  ('VGT-179003', 'LOC-179', 9),
  ('VGT-179004', 'LOC-179', 1),
  ('VGT-179005', 'LOC-179', 13),
  ('VGT-179006', 'LOC-179', 14),
  ('VGT-179007', 'LOC-179', 6),
  ('VGT-180001', 'LOC-180', 14),
  ('VGT-180002', 'LOC-180', 13),
  ('VGT-180003', 'LOC-180', 6),
  ('VGT-180004', 'LOC-180', 5),
  ('VGT-181001', 'LOC-181', 4),
  ('VGT-181002', 'LOC-181', 9),
  ('VGT-181003', 'LOC-181', 2),
  ('VGT-181004', 'LOC-181', 10),
  ('VGT-181005', 'LOC-181', 5),
  ('VGT-181006', 'LOC-181', 6),
  ('VGT-181007', 'LOC-181', 11),
  ('VGT-181008', 'LOC-181', 13),
  ('VGT-181009', 'LOC-181', 12),
  ('VGT-181010', 'LOC-181', 1),
  ('VGT-182001', 'LOC-182', 10),
  ('VGT-182002', 'LOC-182', 8),
  ('VGT-182003', 'LOC-182', 13),
  ('VGT-182004', 'LOC-182', 6),
  ('VGT-182005', 'LOC-182', 4),
  ('VGT-182006', 'LOC-182', 11),
  ('VGT-183001', 'LOC-183', 10),
  ('VGT-183002', 'LOC-183', 11),
  ('VGT-183003', 'LOC-183', 4),
  ('VGT-183004', 'LOC-183', 2),
  ('VGT-184001', 'LOC-184', 12),
  ('VGT-184002', 'LOC-184', 4),
  ('VGT-184003', 'LOC-184', 8),
  ('VGT-184004', 'LOC-184', 6),
  ('VGT-184005', 'LOC-184', 11),
  ('VGT-184006', 'LOC-184', 2),
  ('VGT-184007', 'LOC-184', 5),
  ('VGT-185001', 'LOC-185', 9),
  ('VGT-185002', 'LOC-185', 5),
  ('VGT-185003', 'LOC-185', 12),
  ('VGT-185004', 'LOC-185', 8),
  ('VGT-185005', 'LOC-185', 11),
  ('VGT-185006', 'LOC-185', 7),
  ('VGT-185007', 'LOC-185', 13),
  ('VGT-185008', 'LOC-185', 14),
  ('VGT-186001', 'LOC-186', 14),
  ('VGT-186002', 'LOC-186', 11),
  ('VGT-186003', 'LOC-186', 6),
  ('VGT-186004', 'LOC-186', 3),
  ('VGT-187001', 'LOC-187', 8),
  ('VGT-187002', 'LOC-187', 12),
  ('VGT-187003', 'LOC-187', 2),
  ('VGT-187004', 'LOC-187', 14),
  ('VGT-187005', 'LOC-187', 1),
  ('VGT-187006', 'LOC-187', 3),
  ('VGT-187007', 'LOC-187', 9),
  ('VGT-188001', 'LOC-188', 2),
  ('VGT-188002', 'LOC-188', 14),
  ('VGT-188003', 'LOC-188', 1),
  ('VGT-188004', 'LOC-188', 15),
  ('VGT-188005', 'LOC-188', 10),
  ('VGT-188006', 'LOC-188', 11),
  ('VGT-188007', 'LOC-188', 5),
  ('VGT-189001', 'LOC-189', 4),
  ('VGT-189002', 'LOC-189', 8),
  ('VGT-189003', 'LOC-189', 13),
  ('VGT-189004', 'LOC-189', 2),
  ('VGT-189005', 'LOC-189', 1),
  ('VGT-189006', 'LOC-189', 7),
  ('VGT-189007', 'LOC-189', 9),
  ('VGT-189008', 'LOC-189', 12),
  ('VGT-189009', 'LOC-189', 11),
  ('VGT-189010', 'LOC-189', 3),
  ('VGT-190001', 'LOC-190', 4),
  ('VGT-190002', 'LOC-190', 5),
  ('VGT-190003', 'LOC-190', 9),
  ('VGT-190004', 'LOC-190', 10),
  ('VGT-190005', 'LOC-190', 1),
  ('VGT-190006', 'LOC-190', 14),
  ('VGT-191001', 'LOC-191', 10),
  ('VGT-191002', 'LOC-191', 8),
  ('VGT-191003', 'LOC-191', 14),
  ('VGT-191004', 'LOC-191', 7),
  ('VGT-191005', 'LOC-191', 15),
  ('VGT-191006', 'LOC-191', 5),
  ('VGT-191007', 'LOC-191', 12),
  ('VGT-191008', 'LOC-191', 13),
  ('VGT-191009', 'LOC-191', 11),
  ('VGT-192001', 'LOC-192', 2),
  ('VGT-192002', 'LOC-192', 15),
  ('VGT-192003', 'LOC-192', 11),
  ('VGT-192004', 'LOC-192', 1),
  ('VGT-192005', 'LOC-192', 12),
  ('VGT-192006', 'LOC-192', 7),
  ('VGT-192007', 'LOC-192', 6),
  ('VGT-192008', 'LOC-192', 4),
  ('VGT-193001', 'LOC-193', 1),
  ('VGT-193002', 'LOC-193', 3),
  ('VGT-193003', 'LOC-193', 12),
  ('VGT-193004', 'LOC-193', 11),
  ('VGT-193005', 'LOC-193', 5),
  ('VGT-193006', 'LOC-193', 2),
  ('VGT-193007', 'LOC-193', 4),
  ('VGT-193008', 'LOC-193', 15),
  ('VGT-194001', 'LOC-194', 4),
  ('VGT-194002', 'LOC-194', 12),
  ('VGT-194003', 'LOC-194', 10),
  ('VGT-194004', 'LOC-194', 15),
  ('VGT-194005', 'LOC-194', 8),
  ('VGT-194006', 'LOC-194', 9),
  ('VGT-194007', 'LOC-194', 1),
  ('VGT-194008', 'LOC-194', 5),
  ('VGT-195001', 'LOC-195', 1),
  ('VGT-195002', 'LOC-195', 15),
  ('VGT-195003', 'LOC-195', 6),
  ('VGT-196001', 'LOC-196', 11),
  ('VGT-196002', 'LOC-196', 5),
  ('VGT-196003', 'LOC-196', 9),
  ('VGT-196004', 'LOC-196', 15),
  ('VGT-197001', 'LOC-197', 15),
  ('VGT-197002', 'LOC-197', 11),
  ('VGT-197003', 'LOC-197', 8),
  ('VGT-197004', 'LOC-197', 2),
  ('VGT-197005', 'LOC-197', 9),
  ('VGT-197006', 'LOC-197', 6),
  ('VGT-197007', 'LOC-197', 7),
  ('VGT-198001', 'LOC-198', 13),
  ('VGT-198002', 'LOC-198', 11),
  ('VGT-198003', 'LOC-198', 9),
  ('VGT-198004', 'LOC-198', 10),
  ('VGT-198005', 'LOC-198', 15),
  ('VGT-198006', 'LOC-198', 5),
  ('VGT-198007', 'LOC-198', 6),
  ('VGT-198008', 'LOC-198', 2),
  ('VGT-199001', 'LOC-199', 7),
  ('VGT-199002', 'LOC-199', 6),
  ('VGT-199003', 'LOC-199', 5),
  ('VGT-199004', 'LOC-199', 13),
  ('VGT-199005', 'LOC-199', 1),
  ('VGT-199006', 'LOC-199', 2),
  ('VGT-200001', 'LOC-200', 8),
  ('VGT-200002', 'LOC-200', 13),
  ('VGT-200003', 'LOC-200', 7),
  ('VGT-200004', 'LOC-200', 2),
  ('VGT-200005', 'LOC-200', 10),
  ('VGT-200006', 'LOC-200', 12),
  ('VGT-200007', 'LOC-200', 3),
  ('VGT-200008', 'LOC-200', 4),
  ('VGT-200009', 'LOC-200', 1),
  ('VGT-200010', 'LOC-200', 14),
  ('VGT-201001', 'LOC-201', 2),
  ('VGT-201002', 'LOC-201', 14),
  ('VGT-201003', 'LOC-201', 4),
  ('VGT-202001', 'LOC-202', 14),
  ('VGT-202002', 'LOC-202', 3),
  ('VGT-202003', 'LOC-202', 7),
  ('VGT-202004', 'LOC-202', 2),
  ('VGT-202005', 'LOC-202', 10),
  ('VGT-202006', 'LOC-202', 12),
  ('VGT-202007', 'LOC-202', 4),
  ('VGT-202008', 'LOC-202', 8),
  ('VGT-203001', 'LOC-203', 11),
  ('VGT-203002', 'LOC-203', 5),
  ('VGT-203003', 'LOC-203', 6),
  ('VGT-203004', 'LOC-203', 1),
  ('VGT-203005', 'LOC-203', 13),
  ('VGT-203006', 'LOC-203', 7),
  ('VGT-203007', 'LOC-203', 15),
  ('VGT-203008', 'LOC-203', 12),
  ('VGT-203009', 'LOC-203', 4),
  ('VGT-204001', 'LOC-204', 7),
  ('VGT-204002', 'LOC-204', 3),
  ('VGT-204003', 'LOC-204', 5),
  ('VGT-204004', 'LOC-204', 12),
  ('VGT-204005', 'LOC-204', 11),
  ('VGT-205001', 'LOC-205', 1),
  ('VGT-205002', 'LOC-205', 8),
  ('VGT-205003', 'LOC-205', 11),
  ('VGT-205004', 'LOC-205', 4),
  ('VGT-205005', 'LOC-205', 7),
  ('VGT-205006', 'LOC-205', 14),
  ('VGT-205007', 'LOC-205', 15),
  ('VGT-206001', 'LOC-206', 13),
  ('VGT-206002', 'LOC-206', 9),
  ('VGT-206003', 'LOC-206', 4),
  ('VGT-206004', 'LOC-206', 3),
  ('VGT-206005', 'LOC-206', 1),
  ('VGT-206006', 'LOC-206', 15),
  ('VGT-206007', 'LOC-206', 14),
  ('VGT-206008', 'LOC-206', 6),
  ('VGT-206009', 'LOC-206', 5),
  ('VGT-207001', 'LOC-207', 14),
  ('VGT-207002', 'LOC-207', 11),
  ('VGT-207003', 'LOC-207', 5),
  ('VGT-207004', 'LOC-207', 15),
  ('VGT-207005', 'LOC-207', 9),
  ('VGT-207006', 'LOC-207', 1),
  ('VGT-208001', 'LOC-208', 2),
  ('VGT-208002', 'LOC-208', 8),
  ('VGT-208003', 'LOC-208', 6),
  ('VGT-208004', 'LOC-208', 7),
  ('VGT-208005', 'LOC-208', 5),
  ('VGT-208006', 'LOC-208', 13),
  ('VGT-208007', 'LOC-208', 12),
  ('VGT-208008', 'LOC-208', 4),
  ('VGT-208009', 'LOC-208', 15),
  ('VGT-208010', 'LOC-208', 14),
  ('VGT-209001', 'LOC-209', 1),
  ('VGT-209002', 'LOC-209', 3),
  ('VGT-209003', 'LOC-209', 12),
  ('VGT-209004', 'LOC-209', 4),
  ('VGT-209005', 'LOC-209', 13),
  ('VGT-209006', 'LOC-209', 10),
  ('VGT-209007', 'LOC-209', 7),
  ('VGT-209008', 'LOC-209', 8),
  ('VGT-210001', 'LOC-210', 7),
  ('VGT-210002', 'LOC-210', 10),
  ('VGT-210003', 'LOC-210', 5),
  ('VGT-210004', 'LOC-210', 1),
  ('VGT-210005', 'LOC-210', 13),
  ('VGT-211001', 'LOC-211', 8),
  ('VGT-211002', 'LOC-211', 2),
  ('VGT-211003', 'LOC-211', 7),
  ('VGT-211004', 'LOC-211', 11),
  ('VGT-211005', 'LOC-211', 4),
  ('VGT-211006', 'LOC-211', 9),
  ('VGT-212001', 'LOC-212', 8),
  ('VGT-212002', 'LOC-212', 14),
  ('VGT-212003', 'LOC-212', 4),
  ('VGT-212004', 'LOC-212', 2),
  ('VGT-212005', 'LOC-212', 6),
  ('VGT-212006', 'LOC-212', 13),
  ('VGT-212007', 'LOC-212', 9),
  ('VGT-212008', 'LOC-212', 15),
  ('VGT-213001', 'LOC-213', 8),
  ('VGT-213002', 'LOC-213', 4),
  ('VGT-213003', 'LOC-213', 3),
  ('VGT-213004', 'LOC-213', 11),
  ('VGT-213005', 'LOC-213', 6),
  ('VGT-213006', 'LOC-213', 5),
  ('VGT-213007', 'LOC-213', 7),
  ('VGT-214001', 'LOC-214', 3),
  ('VGT-214002', 'LOC-214', 1),
  ('VGT-214003', 'LOC-214', 15),
  ('VGT-214004', 'LOC-214', 12),
  ('VGT-214005', 'LOC-214', 4),
  ('VGT-214006', 'LOC-214', 13),
  ('VGT-214007', 'LOC-214', 14),
  ('VGT-214008', 'LOC-214', 7),
  ('VGT-214009', 'LOC-214', 2),
  ('VGT-215001', 'LOC-215', 7),
  ('VGT-215002', 'LOC-215', 2),
  ('VGT-215003', 'LOC-215', 5),
  ('VGT-215004', 'LOC-215', 11),
  ('VGT-216001', 'LOC-216', 4),
  ('VGT-216002', 'LOC-216', 5),
  ('VGT-216003', 'LOC-216', 8),
  ('VGT-216004', 'LOC-216', 2),
  ('VGT-216005', 'LOC-216', 3),
  ('VGT-217001', 'LOC-217', 15),
  ('VGT-217002', 'LOC-217', 11),
  ('VGT-217003', 'LOC-217', 10),
  ('VGT-218001', 'LOC-218', 9),
  ('VGT-218002', 'LOC-218', 8),
  ('VGT-218003', 'LOC-218', 2),
  ('VGT-218004', 'LOC-218', 13),
  ('VGT-218005', 'LOC-218', 12),
  ('VGT-218006', 'LOC-218', 4),
  ('VGT-218007', 'LOC-218', 15),
  ('VGT-218008', 'LOC-218', 11),
  ('VGT-218009', 'LOC-218', 5),
  ('VGT-219001', 'LOC-219', 13),
  ('VGT-219002', 'LOC-219', 2),
  ('VGT-219003', 'LOC-219', 14),
  ('VGT-219004', 'LOC-219', 3),
  ('VGT-219005', 'LOC-219', 8),
  ('VGT-219006', 'LOC-219', 12),
  ('VGT-219007', 'LOC-219', 7),
  ('VGT-219008', 'LOC-219', 15),
  ('VGT-220001', 'LOC-220', 15),
  ('VGT-220002', 'LOC-220', 11),
  ('VGT-220003', 'LOC-220', 8),
  ('VGT-220004', 'LOC-220', 3),
  ('VGT-221001', 'LOC-221', 8),
  ('VGT-221002', 'LOC-221', 14),
  ('VGT-221003', 'LOC-221', 9),
  ('VGT-221004', 'LOC-221', 7),
  ('VGT-221005', 'LOC-221', 10),
  ('VGT-221006', 'LOC-221', 2),
  ('VGT-221007', 'LOC-221', 15),
  ('VGT-221008', 'LOC-221', 13),
  ('VGT-221009', 'LOC-221', 12),
  ('VGT-221010', 'LOC-221', 3),
  ('VGT-222001', 'LOC-222', 15),
  ('VGT-222002', 'LOC-222', 3),
  ('VGT-222003', 'LOC-222', 4),
  ('VGT-222004', 'LOC-222', 14),
  ('VGT-222005', 'LOC-222', 12),
  ('VGT-222006', 'LOC-222', 7),
  ('VGT-222007', 'LOC-222', 9),
  ('VGT-222008', 'LOC-222', 8),
  ('VGT-222009', 'LOC-222', 6),
  ('VGT-222010', 'LOC-222', 10),
  ('VGT-223001', 'LOC-223', 13),
  ('VGT-223002', 'LOC-223', 1),
  ('VGT-223003', 'LOC-223', 5),
  ('VGT-223004', 'LOC-223', 2),
  ('VGT-223005', 'LOC-223', 4),
  ('VGT-223006', 'LOC-223', 15),
  ('VGT-224001', 'LOC-224', 4),
  ('VGT-224002', 'LOC-224', 2),
  ('VGT-224003', 'LOC-224', 14),
  ('VGT-224004', 'LOC-224', 9),
  ('VGT-224005', 'LOC-224', 8),
  ('VGT-224006', 'LOC-224', 12),
  ('VGT-224007', 'LOC-224', 10),
  ('VGT-224008', 'LOC-224', 7),
  ('VGT-225001', 'LOC-225', 1),
  ('VGT-225002', 'LOC-225', 13),
  ('VGT-225003', 'LOC-225', 2),
  ('VGT-225004', 'LOC-225', 8),
  ('VGT-225005', 'LOC-225', 10),
  ('VGT-225006', 'LOC-225', 12),
  ('VGT-225007', 'LOC-225', 15),
  ('VGT-225008', 'LOC-225', 9),
  ('VGT-225009', 'LOC-225', 6),
  ('VGT-226001', 'LOC-226', 1),
  ('VGT-226002', 'LOC-226', 3),
  ('VGT-226003', 'LOC-226', 11),
  ('VGT-226004', 'LOC-226', 5),
  ('VGT-226005', 'LOC-226', 4),
  ('VGT-227001', 'LOC-227', 3),
  ('VGT-227002', 'LOC-227', 6),
  ('VGT-227003', 'LOC-227', 13),
  ('VGT-227004', 'LOC-227', 4),
  ('VGT-228001', 'LOC-228', 15),
  ('VGT-228002', 'LOC-228', 7),
  ('VGT-228003', 'LOC-228', 1),
  ('VGT-229001', 'LOC-229', 2),
  ('VGT-229002', 'LOC-229', 4),
  ('VGT-229003', 'LOC-229', 11),
  ('VGT-229004', 'LOC-229', 15),
  ('VGT-229005', 'LOC-229', 14),
  ('VGT-230001', 'LOC-230', 13),
  ('VGT-230002', 'LOC-230', 15),
  ('VGT-230003', 'LOC-230', 10),
  ('VGT-230004', 'LOC-230', 3),
  ('VGT-230005', 'LOC-230', 1),
  ('VGT-230006', 'LOC-230', 14),
  ('VGT-231001', 'LOC-231', 12),
  ('VGT-231002', 'LOC-231', 4),
  ('VGT-231003', 'LOC-231', 15),
  ('VGT-231004', 'LOC-231', 8),
  ('VGT-231005', 'LOC-231', 5),
  ('VGT-231006', 'LOC-231', 6),
  ('VGT-231007', 'LOC-231', 7),
  ('VGT-232001', 'LOC-232', 3),
  ('VGT-232002', 'LOC-232', 12),
  ('VGT-232003', 'LOC-232', 9),
  ('VGT-232004', 'LOC-232', 4),
  ('VGT-232005', 'LOC-232', 5),
  ('VGT-232006', 'LOC-232', 6),
  ('VGT-232007', 'LOC-232', 13),
  ('VGT-232008', 'LOC-232', 8),
  ('VGT-232009', 'LOC-232', 2),
  ('VGT-232010', 'LOC-232', 7),
  ('VGT-233001', 'LOC-233', 15),
  ('VGT-233002', 'LOC-233', 11),
  ('VGT-233003', 'LOC-233', 3),
  ('VGT-233004', 'LOC-233', 1),
  ('VGT-233005', 'LOC-233', 5),
  ('VGT-233006', 'LOC-233', 10),
  ('VGT-233007', 'LOC-233', 13),
  ('VGT-233008', 'LOC-233', 8),
  ('VGT-233009', 'LOC-233', 7),
  ('VGT-234001', 'LOC-234', 8),
  ('VGT-234002', 'LOC-234', 3),
  ('VGT-234003', 'LOC-234', 1),
  ('VGT-234004', 'LOC-234', 12),
  ('VGT-234005', 'LOC-234', 14),
  ('VGT-234006', 'LOC-234', 2),
  ('VGT-234007', 'LOC-234', 5),
  ('VGT-234008', 'LOC-234', 10),
  ('VGT-234009', 'LOC-234', 7),
  ('VGT-234010', 'LOC-234', 6),
  ('VGT-235001', 'LOC-235', 10),
  ('VGT-235002', 'LOC-235', 5),
  ('VGT-235003', 'LOC-235', 2),
  ('VGT-235004', 'LOC-235', 11),
  ('VGT-236001', 'LOC-236', 12),
  ('VGT-236002', 'LOC-236', 1),
  ('VGT-236003', 'LOC-236', 2),
  ('VGT-236004', 'LOC-236', 15),
  ('VGT-236005', 'LOC-236', 7),
  ('VGT-236006', 'LOC-236', 6),
  ('VGT-236007', 'LOC-236', 8),
  ('VGT-236008', 'LOC-236', 9),
  ('VGT-237001', 'LOC-237', 5),
  ('VGT-237002', 'LOC-237', 6),
  ('VGT-237003', 'LOC-237', 9),
  ('VGT-237004', 'LOC-237', 13),
  ('VGT-237005', 'LOC-237', 15),
  ('VGT-237006', 'LOC-237', 2),
  ('VGT-237007', 'LOC-237', 1),
  ('VGT-238001', 'LOC-238', 13),
  ('VGT-238002', 'LOC-238', 4),
  ('VGT-238003', 'LOC-238', 11),
  ('VGT-238004', 'LOC-238', 7),
  ('VGT-238005', 'LOC-238', 15),
  ('VGT-238006', 'LOC-238', 2),
  ('VGT-239001', 'LOC-239', 9),
  ('VGT-239002', 'LOC-239', 11),
  ('VGT-239003', 'LOC-239', 13),
  ('VGT-239004', 'LOC-239', 14),
  ('VGT-239005', 'LOC-239', 1),
  ('VGT-239006', 'LOC-239', 5),
  ('VGT-239007', 'LOC-239', 12),
  ('VGT-239008', 'LOC-239', 2),
  ('VGT-240001', 'LOC-240', 9),
  ('VGT-240002', 'LOC-240', 14),
  ('VGT-240003', 'LOC-240', 7),
  ('VGT-240004', 'LOC-240', 3),
  ('VGT-240005', 'LOC-240', 1),
  ('VGT-240006', 'LOC-240', 10),
  ('VGT-241001', 'LOC-241', 15),
  ('VGT-241002', 'LOC-241', 10),
  ('VGT-241003', 'LOC-241', 6),
  ('VGT-241004', 'LOC-241', 3),
  ('VGT-241005', 'LOC-241', 7),
  ('VGT-241006', 'LOC-241', 13),
  ('VGT-242001', 'LOC-242', 3),
  ('VGT-242002', 'LOC-242', 7),
  ('VGT-242003', 'LOC-242', 14),
  ('VGT-242004', 'LOC-242', 15),
  ('VGT-242005', 'LOC-242', 11),
  ('VGT-243001', 'LOC-243', 8),
  ('VGT-243002', 'LOC-243', 15),
  ('VGT-243003', 'LOC-243', 1),
  ('VGT-243004', 'LOC-243', 6),
  ('VGT-243005', 'LOC-243', 9),
  ('VGT-244001', 'LOC-244', 9),
  ('VGT-244002', 'LOC-244', 15),
  ('VGT-244003', 'LOC-244', 12),
  ('VGT-244004', 'LOC-244', 6),
  ('VGT-245001', 'LOC-245', 12),
  ('VGT-245002', 'LOC-245', 8),
  ('VGT-245003', 'LOC-245', 14),
  ('VGT-245004', 'LOC-245', 10),
  ('VGT-245005', 'LOC-245', 5),
  ('VGT-245006', 'LOC-245', 4),
  ('VGT-245007', 'LOC-245', 1);

INSERT INTO expected_totals (location_id, report_date, expected_net_revenue, notes) VALUES
  ('LOC-001', '2026-03-01', 1665.25, '2 machines: VGT-1001 ($965.50) + VGT-1002 ($699.75)'),
  ('LOC-001', '2026-03-02', 1555, '2 machines: VGT-1001 ($821.50) + VGT-1002 ($733.50)'),
  ('LOC-002', '2026-03-01', 3100, 'INTENTIONAL MISMATCH — actual imported total is $3,021.00. Use this to verify your reconciliation flags discrepancies.'),
  ('LOC-002', '2026-03-02', 2670.5, '2 machines: VGT-2001 ($1,535.00) + VGT-2002 ($1,135.50)'),
  ('LOC-003', '2026-03-01', 430.5, '1 machine: VGT-3001'),
  ('LOC-003', '2026-03-02', 493.75, '1 machine: VGT-3001'),
  ('LOC-004', '2026-03-01', 2634.5, '1 machine: VGT-4001'),
  ('LOC-004', '2026-03-02', 2370.25, '1 machine: VGT-4001'),
  ('LOC-005', '2026-03-01', 339.5, '1 machine: VGT-5001'),
  ('LOC-005', '2026-03-02', 321.75, '1 machine: VGT-5001');

INSERT INTO seed_runs (name) VALUES ('initial');
